                                ;*** AILZ80ASM *** Z-80 Assembler, version 1.0.27.0, LST:Full:4
                                ;〈注意〉
                                ; テープはサポートしません。
                                ; #PRCNT（1F7AH）はサポートしません。
                                
                                ; ; ＤＯＳモジュール内部エントリ
                                ; ERROR EQU 286CH
                                
                                ;   バッチ処理バッファ
                                ; BATBF EQU 2D00H   ;バッチ･ファイル用リード･バッファ（2D00H～2DFFH）
                                ; BPRBF EQU 204BH   ;バッチ変数バッファ（204BH～20FEH）
                                
                                
                                ;
                                ; CRTC ports
                                ;
       F800                     VRAM_TXT_TOP EQU 0F800H ; VRAM上で画面左上を指すアドレス
       F000                     VRAM_ATR_TOP EQU 0F000H ; アトリビュートの先頭アドレス
       00F0                     CRTC_ADD EQU 0F0H ; CRTCアドレス･ポート
       00F1                     CRTC_VAL EQU 0F1H ; CRTCデータ･ポート
       0050                     WIDTH_SCREEN EQU 50H ; 80文字モードの1行のバイト数
       FF00                     CURSOR_XY_ADDR EQU FF00H ; カーソルのX,Y座標を保存するアドレス
                                
                                ; Ascii code Constants
       000D                     CR  EQU 0DH ; Carriage Return
       000A                     LF  EQU 0AH ; Line Feed
       0008                     BS  EQU 08H ; Back Space
       007F                     DEL EQU 7FH ; Delete
       0009                     HT  EQU 09H ; Horizontal Tab
       000B                     VT  EQU 0BH ; Vertical Tab
       0007                     BEL EQU 07H ; Bell
       000C                     NP  EQU 0CH ; Formfeed (also: New page NP)
       001B                     ESC EQU 1BH ; Escape
                                
                                ;〈SLANGについて〉
                                ; SLANGは、特殊ワークのサイズによっては動作しません。
                                ;SLANGの3014H～3015H番地の内容が、
                                ;特殊ワーク上の大局テーブルの先頭アドレスをさしているので、
                                ;特殊ワークのサイズのために動かない場合は、
                                ;若い番地へ移動して対応してください。
                                
000000 0000                         ORG 0000H
000000 0000 C3002D          10      JP  START   ;初期化
000066 0066                         ORG 0066H
000066 0066 C3002D          10      JP  START   ;NMIでリスタート
                                
000100 0100                         ORG 0100H
                                
                                
                                ;=======================
                                ;汎用バッファ
                                ;=======================
                                
                                
                                ;   0100H（256バイト）
000100 0100                     BUFFER: DS  256
                                
                                
                                ;=======================
                                ;文字列入力バッファ
                                ;=======================
                                
                                
                                ;   0100Hバイト
000200 0200                     keyboard_buffer:    DS  256
                                
                                
                                ;=======================
                                ;キー入力バッファ
                                ;=======================
                                
                                
                                ;   0080H（128バイト）
000300 0300                     input_key_buffer:   DS  127 ;キー入力バッファ（127文字分）
00037F 037F                     pointer_for_write_key_buffer:   DS  1   ;キーを書き込むポインタ（＝0でカラ、＝7FHでいっぱい）
                                
                                ;=======================================
                                ;コントロール･コード･ジャンプ･テーブル
                                ;=======================================
                                
                                
                                ;   0040H（64バイト）
       0380                     control_code_jump_tabel:
000380 0380 2B0B                    DW  control_code_NULL   ;^＠
000382 0382 3C0B                    DW  CTL01               ;^A 'カーソルを論理行頭へ（-^V）
000384 0384 2B0B                    DW  control_code_NULL   ;^B '前のワードの先頭へ（－^F） '非サポート
000386 0386 370B                    DW  CTLCAN              ;^C ^STOP（論理改行＆インサート解除）
000388 0388 3A0B                    DW  control_code_DELETEL;^D '論理行のカーソル位置の文字の削除（DELキー）
00038A 038A 3B0B                    DW  CTL05               ;^E '論理行のカーソル以降削除（－^U）
00038C 038C 2B0B                    DW  control_code_NULL   ;^F '次のワードの先頭へ（－^B） '非サポート
00038E 038E DA07                    DW  BELL                ;^G BELL
000390 0390 390B                    DW  control_code_BS     ;^H BS
000392 0392 2C0B                    DW  control_code_TAB    ;^I TAB
000394 0394 2B0B                    DW  control_code_NULL   ;^J LF
000396 0396 300B                    DW  control_code_HOME   ;^K HOME
000398 0398 2D0B                    DW  control_code_CLS    ;^L CLR
00039A 039A 380B                    DW  CTLCR               ;^M CR＋LF
00039C 039C 2B0B                    DW  control_code_NULL   ;^N '論理行分割（－^W） '非サポート
00039E 039E 2B0B                    DW  control_code_NULL   ;^O '物理行注入（－^Y） '非サポート
0003A0 03A0 2B0B                    DW  control_code_NULL   ;^P
0003A2 03A2 2B0B                    DW  control_code_NULL   ;^Q
0003A4 03A4 2A0B                    DW  control_code_INS    ;^R INS
0003A6 03A6 350B                    DW  control_code_ROLL_UP    ;^S 'スクロール･アップ（－^S）
0003A8 03A8 360B                    DW  control_code_ROLL_DOWN  ;^T 'スクロール･ダウン（－^T）
0003AA 03AA 2B0B                    DW  control_code_NULL   ;^U '論理行のカーソルより前削除（－^E） '非サポート
0003AC 03AC 2B0B                    DW  control_code_NULL   ;^V 'カーソルを論理行末へ（－^A、最後の文字の次のカーソル位置) '非サポート
0003AE 03AE 2B0B                    DW  control_code_NULL   ;^W '次の行と連結（－^N、,論理行末と次の行の行頭をつなぐ) '非サポート
0003B0 03B0 2B0B                    DW  control_code_NULL   ;^X SELECT
0003B2 03B2 2B0B                    DW  control_code_NULL   ;^Y '物理行削除（－^O） '非サポート
0003B4 03B4 2B0B                    DW  control_code_NULL   ;^Z
0003B6 03B6 370B                    DW  CTLCAN              ;^［ ESC
0003B8 03B8 310B                    DW  control_code_Right  ;^￥ →
0003BA 03BA 320B                    DW  control_code_Left   ;^］ ←
0003BC 03BC 330B                    DW  control_code_Up     ;^＾ ↑
0003BE 03BE 340B                    DW  control_code_Down   ;^＿ ↓
                                
                                
                                ;=======================================
                                ;カーソル･オフセット計算用テーブル下位
                                ;=======================================
                                ;y座標に対応するカーソル･オフセットを得ます
                                ;カーソル･オフセット←[cursor_offset_for_Y_table＋256＋y座標]×256＋[cursor_offset_for_Y_table＋y座標]
                                
                                
                                ;   0020H（32バイト）
0003C0 03C0                     cursor_offset_for_Y_table:  DS  32
                                
                                
                                ;===============================
                                ;システム･スタック･エリア
                                ;===============================
                                
                                
                                ;   00CCH（204バイト）
0003E0 03E0                         DS  256-52
       04AC                     system_stack_area:
                                
                                
                                ;*******    256バイト境界   ********
                                
                                
                                ;=======================================
                                ;カーソル･オフセット計算用テーブル上位
                                ;=======================================
                                ; y座標に対応するカーソル･オフセットを得ます。
                                ;カーソル･オフセット←[cursor_offset_for_Y_table＋256＋y座標]×256＋[cursor_offset_for_Y_table＋y座標]
                                
                                
                                ;   0020H（32バイト）
0004AC 04AC                         DS  32
                                
                                
                                ;=======================
                                ;内部ワーク･エリア
                                ;=======================
                                
                                
                                ;   0050H（80バイト）
0004CC 04CC                     fcb_buffer: DS  32  ;S-OSのFCBバッファ（[_IBFAD]でポイント）
                                
                                ;   通常（42バイト）
0004EC 04EC                     total_number_of_character_display:  DS  2   ;画面の表示文字数
0004EE 04EE                     cursor_offset_last_top_of_line: DS  2   ;最終行先頭のカーソル･オフセット
0004F0 04F0                     vram_address_of_top:    DS  2   ;テキストVRAM先頭アドレス（未使用の場合あり）
0004F2 04F2                     vram_address_of_top_of_last_line:   DS  2   ;最終行先頭のテキストVRAMアドレス（未使用の場合あり）
0004F4 04F4                     locate_of_cursor_overlap_character: DS  1   ;カーソルと重なった位置の文字の保存（未使用の場合あり）
0004F5 04F5                     screen_width:   DS  1   ;＝00Hで40桁、＝FFHで80桁 -> M23では80桁固定なので、常にscreen_width=FFHとなる。
0004F6 04F6                     CSRADD: DS  2   ;（行数－1）×256＋桁数
0004F8 04F8                     CSRNXI: DS  1   ;256－桁数 '[CSRNX]の初期値 -> M23では桁数80固定なので、CSRNXI=CSRNXとなる。
0004F9 04F9                     CSRNYI: DS  1   ;256－行数 '[CSRNY]の初期値-> M23では行数25固定なので、CSRNYI=CSRNYとなる。
0004FA 04FA                     CSRNX:  DS  1   ;x座標-[_WIDTH] _WIDTHは80
0004FB 04FB                     CSRNY:  DS  1   ;y座標-[_MXLIN] _MXLINは25
0004FC 04FC                     display_cursor_XY_not_use:  DS  2   ;カーソル座標（使用しません）
0004FE 04FE                     number_of_character_after_CR:   DS  1   ;改行してからの文字数（未使用）
0004FF 04FF                     insert_mode_flag:   DS  1   ;＝00Hで通常、＝FFHでインサート･モード
000500 0500                     foreground_color:   DS  1   ;前景色
000501 0501                     background_color:   DS  1   ;背景色
000502 0502                     BDR_color:  DS  1   ;周辺色
000503 0503                     attribute_data: DS  1   ;画面のアトリビュートRAMへ書き込むデータ
000504 0504                     real_time_key:  DS  1   ;リアル･タイム･キー（未使用の場合あり）
000505 0505                     GRAFLG: DS  1   ;＝FFHでグラフィック表示（未使用の場合あり）
                                
000506 0506                     vram_size:  DS  2   ;VRAMのサイズ÷100H
000508 0508                     top_of_special_work_of_vram:    DS  2   ;VRAM上の特殊ワークの先頭÷100H
00050A 050A                     size_of_special_work_of_vram:   DS  1   ;VRAM上の特殊ワークのサイズ÷100H
00050B 050B                     top_of_ram_disk_of_vram:    DS  2   ;VRAM上のRAMディスクの先頭÷100H
00050D 050D                     size_of_ram_disk_of_vram:   DS  2   ;VRAM上のRAMディスクのサイズ÷100H
00050F 050F                     top_of_special_work_of_memory:  DS  1   ;メモリ上の特殊ワークの先頭÷100H
000510 0510                     size_of_special_work_of_memory: DS  1   ;メモリ上の特殊ワークのサイズ÷100H
                                
                                ;   機種独自（6バイト）
000511 0511                     KEYDAT: DS  2   ;ファンクション、アスキー･コードの生データ
000513 0513                     IO1FD0: DS  1   ;I／O 1FD0Hのバッファ
                                
                                
000580 0580                         ORG (($+7FH) & 0FF80H)
                                ;-----------------------
                                ;割り込みルーチン
                                ;-----------------------
                                
                                ;=======================
                                ;キー･スキャン･ルーチン
                                ;=======================
                                
                                ;キー入力割り込み処理
       0580                     KEYINT:
                                ;   LD  (KYIRSP),SP
                                ;   LD  SP,INTSTK   ;割り込み用スタック
                                ;   PUSH    AF
                                ;   PUSH    HL
                                ;   PUSH    DE
                                ;   PUSH    BC
                                
                                ; ; キーが有効かチェックします
                                ;   LD  A,(KEYDAT)  ;ファンクション
                                ;   BIT 6,A
                                ;   JR  NZ,KYIRET   ;キーがはなされた
                                ;   AND 00100000B   ;b5
                                ;   JR  NZ,KYISKP
                                ;   LD  A,(pointer_for_write_key_buffer)
                                ;   OR  A
                                ;   JR  NZ,KYIRET   ;バッファにカラでないときは、リピート禁止
       0580                     KYISKP:
                                ;   キー入力バッファに書き込みます
                                    ; LD    A,(real_time_key)   ;Acc←入力文字
                                    ; CALL  write_one_character_to_key_buffer
                                    ; JR    C,KYIRET    ;バッファがいっぱいだった
                                
       0580                     KYIRET:
                                    ; POP   BC
                                    ; POP   DE
                                    ; POP   HL
                                    ; POP   AF
                                    ; DB    31H ;「LD SP,」
000580 0580                     KYIRSP: DS  2
                                    ; EI
000582 0582 ED4D            15      RETI
                                
                                
                                ;キー入力バッファに1文字書き込みます
                                ;入力   Acc←文字
                                ;出力   キー入力バッファ←文字
                                ;   CY＝1でバッファがいっぱいだった
                                ;破壊   AF，HL，DE，BC
                                ;注：
                                ; 割り込み禁止して実行してください。
                                ; キー入力バッファは、00xxHから始まる127バイトで、
                                ;＋127の部分がpointer_for_write_key_bufferにあたります。
       0584                     write_one_character_to_key_buffer:
                                    ; LD    HL,pointer_for_write_key_buffer
                                    ; LD    E,(HL)
                                    ; LD    D,H ;DE←書き込みポイント
                                    ; LD    (DE),A  ;キー入力バッファ←文字
                                    ; INC   E
                                    ; JP    M,PKYBRK
                                    ; LD    (HL),E  ;[pointer_for_write_key_buffer]のカウント･アップ
                                    ; OR    A   ;CY←0
000584 0584 C9              10      RET
       0585                     PKYBRK:
                                    ; LD    (HL),L  ;[pointer_for_write_key_buffer]を元に戻します
                                    ; SCF
000585 0585 C9              10      RET
                                
                                
000600 0600                         ORG (($+0FFH) & 0FF00H)
                                
                                
                                ;*******    256バイト境界   ********
                                
                                
                                ;===============================
                                ;ライン･ターミナル･テーブル
                                ;===============================
                                
                                
                                ; 先頭行の行連結情報はxx00Hのアドレスに格納されます。
                                ;行連結情報←LINTTB＋y座標（0～）
                                ; FFHで次の行と連結。
                                ;   0020H（32バイト）
000600 0600                     LINTTB: DS  32
                                
                                
                                ;-----------------------
                                ;S-OSルーチン
                                ;-----------------------
                                
                                ;=======================
                                ;システム･ルーチン
                                ;=======================
                                
                                
                                ;#COLD（1FFDH）の本体
                                ; コールド･スタートして、[_USR]のアドレスにジャンプします。
                                ;[_USR]の内容は、「_HOT」に初期化します。
                                ;注：
                                ; プリンタ非出力モードにします。
                                ; 「RET」命令で、「_HOT」にジャンプします。
                                ; キー入力バッファをカラにして、そのアドレスをDEで渡す。
                                ; 固有の初期化ルーチンの cold_start_entity（全レジスタ破壊）を呼び出します。
                                ; 固有のメッセージ「title_message」を参照します。
       0620                     COLD:
                                ;   初期化
000620 0620 ED7B6C1F        20      LD  SP,(_STKAD)
000624 0624 F3               4      DI
                                    ; IM    2
000625 0625 CD5210          17      CALL CRT_INIT           ;CRTCの初期化
000628 0628 FB               4      EI
                                
                                ;   スタックの設定など
000629 0629 21FFFF          10      LD  HL,FFFFH
00062C 062C 226A1F          16      LD  (_MEMAX),HL ;使用可能メモリの上限
00062F 062F 21AC04          10      LD  HL,system_stack_area
000632 0632 226C1F          16      LD  (_STKAD),HL
                                
                                ;   特殊ワークのサイズの初期化
000635 0635 3A0A05          13      LD  A,(size_of_special_work_of_vram)
000638 0638 2E00             7      LD  L,0
00063A 063A 67               4      LD  H,A ;HL←特殊ワークのサイズ
00063B 063B 22681F          16      LD  (_WKSIZ),HL ;[_WKSIZ]の初期化
                                
                                
                                ;   キー入力バッファのクリア
00063E 063E CD880C          17      CALL    clear_key_buffer ; インデックスポインタを0にしているだけ。
                                
                                ;   ディスクのパラメータの初期化
                                    ; LD    HL,000EH ; 
                                    ; LD    (_FATPS),HL
                                    ; LD    HL,0010H ; ディレクトリ情報が記録されているトラック番号
                                    ; LD    (_DIRPS),HL
                                    ; LD    HL,2E00H
                                    ; LD    (_FATBF),HL
                                    ; LD    HL,2F00H ; ディスクI／Oバッファ
                                    ; LD    (_DTBUF),HL
                                    ; LD    A,80 ; 最大トラック数
                                    ; LD    (_MXTRK),A
                                
                                ;   ディスクI／O初期化
                                    ; CALL  SOSSI
                                
                                
                                
                                ;   タイトル表示
000641 0641 11A006          10      LD  DE,title_message
000644 0644 CDE51F          17      CALL _MSX
                                
                                ;   メモリの情報を表示
000647 0647 CDE21F          17      CALL _MPRNT
00064A 064A 4D41494E20333030        DB  'MAIN 3000H-',00H
            30482D00            
000656 0656 2A6A1F          16      LD  HL,(_MEMAX)
000659 0659 2B               6      DEC HL
00065A 065A CDBE1F          17      CALL _print_hex_4_digit
00065D 065D CDE21F          17      CALL _MPRNT
000660 0660 480D00                  DB  'H',0DH,00H
000663 0663 CDE21F          17      CALL _MPRNT
000666 0666 574F524B20303030        DB  'WORK 0000H-',00H
            30482D00            
000672 0672 2A681F          16      LD  HL,(_WKSIZ)
000675 0675 2B               6      DEC HL
000676 0676 CDBE1F          17      CALL _print_hex_4_digit
000679 0679 CDE21F          17      CALL _MPRNT
00067C 067C 480D00                  DB  'H',0DH,00H
                                
                                ;   文字列入力バッファの80バイトをクリア
00067F 067F 2A761F          16      LD  HL,(_KBFAD)
000682 0682 5D               4      LD  E,L
000683 0683 54               4      LD  D,H
000684 0684 13               6      INC DE  ;DE←[_KBFAD]＋1
000685 0685 014F00          10      LD  BC,79
000688 0688 70               7      LD  (HL),B  ;[_KBFAD]←0
000689 0689 EDB0                    LDIR
                                
                                ;   ホット･スタートへ
00068B 068B 2A7E1F          16      LD  HL,(_USR)
00068E 068E EB               4      EX  DE,HL   ;DE←ジャンプ先
00068F 068F 21FA1F          10      LD  HL,_HOT
000692 0692 E5              11      PUSH HL ;戻りアドレス（_HOT）
000693 0693 227E1F          16      LD  (_USR),HL   ;[_USR]の再設定
000696 0696 EB               4      EX  DE,HL   ;HL←ジャンプ先
000697 0697 ED5B761F        20      LD  DE,(_KBFAD) ;DE←[_KBFAD]
00069B 069B AF               4      XOR A
00069C 069C E9               4      JP  (HL)    ;旧[_USR]の内容にジャンプ
                                
                                ;#BOOT（2036H）の本体
                                ; S-OSを終えます。
                                ;注：フィジカル･ルーチンboot_entity（全レジスタ破壊）を呼び出します。
                                
00069D 069D                         DS  3
                                
                                ;コールド･スタート時のメッセージ
       06A0                     title_message:
0006A0 06A0 3C3C3C3C3C20532D        DB  '<<<<< S-OS  SWORD >>>>>',CR
            4F53202053574F52    
            44203E3E3E3E3E0D    
0006B8 06B8 00                      DB  00H
                                
                                
       06B9                     BOOT:
0006B9 06B9 C3A10B          10      JP  boot_entity
                                
                                
                                ;===============================
                                ;バージョン･ナンバーの取り出し
                                ;===============================
                                
                                ;#VER（1FF7H）の本体
                                ; Hに機種別情報、LにS-OSのバージョンを返します。
                                ;入力   なし
                                ;出力   H←機種別情報、L←S-OSのバージョン
                                ;破壊   HL
                                ;〈機種別情報〉
                                ;00H    MZ-80K／C／1200
                                ;01H    MZ-700
                                ;02H    MZ-1500
                                ;10H    MZ-80B
                                ;11H    MZ-2000／2200
                                ;12H    MZ-2500
                                ;20H    X1
                                ;21H    X1turbo
                                ;22H    X1（筑紫版）
                                ;30H    PC-8801（ROM）
                                ;31H    PC-8001
                                ;32H    PC-8801（オールRAM）
                                ;40H    FM-7／77
                                ;50H    SMC-777
                                ;60H    PASOPIA
                                ;61H    PASOPIA7
                                ;70H    PC-286
                                ;80H    X68000
                                ;90H    MSX／2／2＋／turboR（ANK専用版）
                                ;91H    MSX／2／2＋／turboR（漢字対応版）
                                ;95H    SORD M23
                                ;〈S-OSのバージョン〉
                                ; SWORDでは、「20H」。
       06BC                     VER:
0006BC 06BC F5              11      PUSH    AF
0006BD 06BD D5              11      PUSH    DE
0006BE 06BE C5              11      PUSH    BC
0006BF 06BF 212095          10      LD  HL,9520H    ;SORD M23，S-OS V2.0
0006C2 06C2 C1              10      POP BC
0006C3 06C3 D1              10      POP DE
0006C4 06C4 F1              10      POP AF
0006C5 06C5 C9              10      RET
                                
                                
                                ;===============
                                ;表示ルーチン
                                ;===============
                                
                                
                                
                                ;#PRNTS（1FF1H）の本体
                                ; スペースを1つ表示します。
                                ;入力   なし
                                ;出力   なし
                                ;破壊   F（実際なし）
       06C6                     PRNTS:
0006C6 06C6 F5              11      PUSH    AF
0006C7 06C7 3E20             7      LD  A,' '
0006C9 06C9 CDF41F          17      CALL _PRINT
0006CC 06CC F1              10      POP AF
0006CD 06CD C9              10      RET
                                
                                
                                ;#LTNL（1FFEH）の本体
                                ; 改行します。
                                ;入力   なし
                                ;出力   なし
                                ;破壊   なし
       06CE                     LTNL:
0006CE 06CE F5              11      PUSH    AF
0006CF 06CF 3E0D             7      LD  A,0DH
0006D1 06D1 CDF41F          17      CALL _PRINT
0006D4 06D4 F1              10      POP AF
0006D5 06D5 C9              10      RET
                                
                                
                                ;#NL（1FEBH）の本体
                                ; 行頭でなければ、改行します。
                                ;入力   なし
                                ;出力   なし
                                ;破壊   なし
                                ;注：
                                ; 行頭でなければ改行します。
                                ; このサブルーチンを書いて下さい。
       06D6                     NL:
0006D6 06D6 D5              11      PUSH DE
0006D7 06D7 C5              11      PUSH BC
                                
0006D8 06D8 CDF710          17      CALL CALC_CURSOR_XY ; CURSOR_LOCATEからX,Y座標を計算して、cursor_XY_ADDRに保存する。
                                    ; cursor_XY_ADDRからX座標を取得
0006DB 06DB 2A02FF          16      LD  HL,(cursor_XY_ADDR+2)       ; HLにX座標をロード (2バイト)
                                    ; cursor_XY_ADDR+2からY座標を取得
0006DE 06DE ED5B00FF        20      LD  DE,(cursor_XY_ADDR)     ; DEにY座標をロード (2バイト)
0006E2 06E2 B7               4      OR  A ; フラグをクリア
0006E3 06E3 BD               4      CP  L ; X座標が0かチェック
0006E4 06E4 2803            12      JR  Z,NLRET ; X座標が0ならリターン
0006E6 06E6 CDCE06          17      CALL LTNL ; 改行を実行
       06E9                     NLRET:
0006E9 06E9 C1              10      POP BC
0006EA 06EA D1              10      POP DE
0006EB 06EB C9              10      RET
                                
                                
                                ;
                                ;#MSG（1FE8H）の本体
                                ; DEレジスタの示すアドレスから0DHが出現するまでアスキーコードとみなし文字列表示する。
                                ;入力   DE←文字列先頭アドレス
                                ;出力   なし
                                ;破壊   F（実際なし）
                                ;注：0DHは表示しません。
                                ; このサブルーチンを完成させてください。
       06EC                     MSG:
0006EC 06EC F5              11      PUSH    AF
0006ED 06ED E5              11      PUSH    HL
0006EE 06EE D5              11      PUSH    DE
0006EF 06EF C5              11      PUSH    BC
       06F0                     MSGLP:
0006F0 06F0 1A               7      LD  A,(DE)  ; 文字を取得
0006F1 06F1 FE0D             7      CP  CR      ; 改行コードか？
0006F3 06F3 2806            12      JR  Z,MSGSKP; 改行コードなら終了へ
0006F5 06F5 CDF41F          17      CALL _PRINT ; 文字を表示
0006F8 06F8 13               6      INC DE      ; アドレスを一つ進める
0006F9 06F9 18F5            12      JR  MSGLP
       06FB                     MSGSKP: 
0006FB 06FB C1              10      POP BC
0006FC 06FC D1              10      POP DE
0006FD 06FD E1              10      POP HL
0006FE 06FE F1              10      POP AF
0006FF 06FF C9              10      RET
                                
                                ;#MSX（1FE5H）の本体
                                ; DEレジスタの示すアドレスから00Hが出現するまでアスキーコードとみなし文字列表示する。
                                ;入力   DE←文字列先頭アドレス
                                ;出力   なし
                                ;破壊   F（実際なし）
                                ;注：00Hは表示しません。
       0700                     MSX:
000700 0700 F5              11      PUSH    AF
000701 0701 E5              11      PUSH    HL
000702 0702 D5              11      PUSH    DE
000703 0703 C5              11      PUSH    BC
       0704                     MSXLP:
000704 0704 1A               7      LD  A,(DE) ; 文字を取得
000705 0705 FE00             7      CP  00H ; 終了コードか？
000707 0707 2806            12      JR  Z,MSXSKP    ; 終了コードなら終了へ
                                
000709 0709 CD3C0C          17      CALL PRINT ; 文字を表示
00070C 070C 13               6      INC DE  ; アドレスを一つ進める
00070D 070D 18F5            12      JR  MSXLP
       070F                     MSXSKP: 
00070F 070F C1              10      POP BC
000710 0710 D1              10      POP DE
000711 0711 E1              10      POP HL
000712 0712 F1              10      POP AF
000713 0713 C9              10      RET
                                
                                ;#MPRNT（1FE2H）本体
                                ; このサブルーチンをコールした次のアドレスから00Hが出現するまでアスキーコードとみなし、文字列表示する。
                                ;入力   「CALL ＃MPRNT」の次のアドレス～←文字列とみなす
                                ;出力   なし
                                ;破壊   AF，DE（実際AF）
                                ;注：
                                ; 00Hは表示しません。
                                ; 「REDA」などがDE保存を期待しているので、DEを保存します。
                                ; このサブルーチンを完成させてください。
       0714                     MPRNT:
000714 0714 E3              19      EX  (SP),HL ;HL←インライン･パラのアドレス，スタック←HL
000715 0715 D5              11      PUSH DE
000716 0716 C5              11      PUSH BC
000717 0717 EB               4      EX  DE,HL ; DE←インライン･パラのアドレス
       0718                     MRPLP:
000718 0718 FE00             7      CP 00H
00071A 071A 2806            12      JR  Z,MPRRET ; もし最初の文字が00Hなら何も表示せずにリターン
00071C 071C CD0007          17      CALL MSX ; DEの指す文字列を表示
00071F 071F 13               6      INC DE ; 次のアドレスへ
000720 0720 18F6            12      JR  MRPLP
       0722                     MPRRET:
000722 0722 EB               4      EX  DE,HL ; HL←インライン･パラのアドレス，DE←元の値
000723 0723 C1              10      POP BC
000724 0724 D1              10      POP DE
000725 0725 E3              19      EX  (SP),HL ;スタック←インライン･パラの次のアドレス，HL←元の値
                                ;   XOR A
000726 0726 C9              10      RET
                                
                                ; TAB(1FDFH)の本体
                                ; Bレジスタの値と、カーソルのX座標との差を計算して、その結果の数だけスペースを表示する。
       0727                     TAB:
000727 0727 F5              11      PUSH    AF
000728 0728 E5              11      PUSH    HL
000729 0729 D5              11      PUSH    DE
00072A 072A C5              11      PUSH    BC
00072B 072B CDF710          17      CALL CALC_CURSOR_XY ; CURSOR_LOCATEからX,Y座標を計算して、cursor_XY_ADDRに保存する。
                                    ; cursor_XY_ADDRからX座標を取得
00072E 072E 2A02FF          16      LD  HL,(cursor_XY_ADDR+2)       ; HLにX座標をロード (2バイト)
                                    ; Bレジスタの値とX座標との差を計算
000731 0731 78               4      LD  A,B
000732 0732 95               4      SUB L   ; A = B - X座標
000733 0733 380C            12      JR  C,TABERR    ; 結果が負ならエラー
000735 0735 6F               4      LD  L,A ; Lにスペース数をセット
       0736                         TABLP2:
000736 0736 3E20             7      LD  A,' '
000738 0738 CDF41F          17      CALL    _PRINT
00073B 073B 2D               4      DEC L
00073C 073C 20F8            12      JR  NZ,TABLP2 ; スペース数分ループ
00073E 073E AF               4      XOR A   ; CY=0
00073F 073F 1801            12      JR  TABRET
       0741                     TABERR:
000741 0741 37               4      SCF ; CY=1
       0742                     TABRET:
000742 0742 C1              10      POP BC
000743 0743 D1              10      POP DE
000744 0744 E1              10      POP HL
000745 0745 F1              10      POP AF
000746 0746 C9              10      RET
                                
                                ; #LPRINT(1FDCH)の本体
                                ; 未実装
       0747                     LPRINT:
000747 0747 C9              10      RET
                                
                                ;===============
                                ;16進数
                                ;===============
                                
                                ;#PRTHX print_hex_2_digit（1FC1H）の本体
                                ; Aレジスタの値を16進2桁で画面に表示する
                                ;入力   Acc←データ
                                ;出力   なし
                                ;破壊   AF
                                ; このサブルーチンを完成させてください。
       0748                     print_hex_2_digit:
000748 0748 F5              11      PUSH AF ;保存
000749 0749 47               4      LD  B,A ;Bにデータを保存
00074A 074A CB3F             8      SRL A   ;上位4ビットを取得
00074C 074C CB3F             8      SRL A   ; さらに1ビット右シフト
00074E 074E CB3F             8      SRL A   ; さらに1ビット右シフト
000750 0750 CB3F             8      SRL A   ; さらに1ビット右シフト
000752 0752 CD6B07          17      CALL    ASC ; 上位4ビットを16進数アスキーコードに変換
000755 0755 CDF41F          17      CALL    _PRINT  ; 文字表示
000758 0758 78               4      LD  A,B ;Bから元のデータを取得
000759 0759 E60F             7      AND 0FH ; 下位4ビットを取得
00075B 075B CD6B07          17      CALL    ASC ; 下位4ビットを16進数アスキーコードに変換
00075E 075E CDF41F          17      CALL    _PRINT  ; 文字表示
000761 0761 F1              10      POP AF  ;復元
000762 0762 C9              10      RET
                                
                                
                                ;#print_hex_4_digit（1FBEH）の本体
                                ; HLレジスタの値を16進4桁で表示する。
                                ;入力   HL←データ
                                ;出力   なし
                                ;破壊   AF
                                ; このサブルーチンを完成させてください。
       0763                     print_hex_4_digit:
000763 0763 7C               4      LD  A,H ; HLの上位バイトをAにロード
000764 0764 CDC11F          17      CALL    _print_hex_2_digit ; 2桁表示
000767 0767 7D               4      LD  A,L ; HLの下位バイトをAにロード
000768 0768 C3C11F          10      JP  _print_hex_2_digit ; 2桁表示
                                
                                
                                ;#ASC（1FBBH）の本体
                                ; Aレジスタの下位4ビットの値を16進数で表したときのアスキーコードに変換してAレジスタに格納する。
                                ;入力   Acc下位4ビット←データ
                                ;出力   Acc←16進数表示のアスキーコード
                                ;破壊   AF
                                ; このサブルーチンを書いてください。
       076B                     ASC:
00076B 076B E60F             7      AND 0FH ; 下位4ビットを取得
00076D 076D FE0A             7      CP  10
00076F 076F 3804            12      JR  C,ASCNUM
000771 0771 C637             7      ADD A,'A'-10    ; 10以上なら'A'～'F'に変換
000773 0773 1802            12      JR  ASCRET ; リターン
       0775                     ASCNUM:
000775 0775 C630             7      ADD A,'0'   ; 0～9なら'0'～'9'に変換
       0777                     ASCRET:
000777 0777 C9              10      RET
                                
                                ;#HEX（1FB8H）の本体
                                ; Aレジスタの内容を16進数で表したときのアスキーコードとしてバイナリに変換し、Aレジスタに格納する。
                                ;入力   Acc←16進数文字(アスキーコードで表現)
                                ;出力   Acc←データ（0～15）
                                ;   CY＝1（Acc＝14）ならエラー
                                ;破壊   AF
                                ;注：
                                ; 小文字に対応。
                                ; 汎用ルーチンconvert_lower_case_to_upper_case（AF破壊）を呼び出します。
       0778                     HEX:
000778 0778 CD220D          17      CALL    convert_lower_case_to_upper_case
00077B 077B D630             7      SUB '0' ; '0'のコードを引く
00077D 077D 3810            12      JR  C,HEXERR ; '0'未満はエラー
00077F 077F FE0A             7      CP  10 ; 10未満か？
000781 0781 380A            12      JR  C,HEXESC ; 10未満なら正常終了
000783 0783 FE11             7      CP  10+7    ;7＝「A」－（「9」＋1）
000785 0785 3808            12      JR  C,HEXERR
000787 0787 D607             7      SUB 7 ; 10以上なら'A'～'F'を0～5に変換
000789 0789 FE10             7      CP  16 ; 16以上はエラー
00078B 078B 3002            12      JR  NC,HEXERR
00078D 078D B7               4  HEXESC: OR  A ; CY←0
00078E 078E C9              10      RET
                                
00078F 078F 3E0E             7  HEXERR: LD  A,14    ;Bad Data
000791 0791 37               4      SCF ; CY←1
000792 0792 C9              10      RET
                                
                                ;#2HEX（1FB5H）の本体
                                ; DEレジスタの示すアドレスから2バイトの内容を、2桁の16進数で表現するアスキーコードとして、バイナリに変換し、HLに格納する。エラーがあればキャリフラグがセットされる。
                                ;入力   [DE～]←16進文字2桁
                                ;出力   Acc←データ
                                ;   DEはカウント･アップ（エラーを発生した時点でカウント･アップは停止）
                                ;   CY＝1ならエラー
                                ;破壊   AF，DE
                                ;注：小文字に対応。
                                ; このサブルーチンを完成させてください。
       0793                     AHEX:
000793 0793 1A               7      LD  A,(DE) ; 16進1桁目取得
000794 0794 CD7807          17      CALL    HEX ; 1桁目変換
000797 0797 38F6            12      JR  C,HEXERR ; エラーならリターン
000799 0799 13               6      INC DE ; DEカウントアップ
00079A 079A 67               4      LD  H,A ; Hに格納
00079B 079B 1A               7      LD  A,(DE) ; 16進2桁目取得
00079C 079C CD7807          17      CALL    HEX ; 2桁目変換
00079F 079F 38EE            12      JR  C,HEXERR ; エラーならリターン
0007A1 07A1 13               6      INC DE ; DEカウントアップ
0007A2 07A2 6F               4      LD  L,A ; Lに格納
0007A3 07A3 C9              10      RET
                                
                                
                                ;#HLHEX（1FB2H）の本体
                                ; DEレジスタの示すアドレスから4バイトの内容を、4桁の16進数で表現するアスキーコードとして、バイナリに変換し、HLに格納する。エラーがあればキャリフラグがセットされる。
                                ;入力   [DE～]←16進文字4桁
                                ;出力   HL←データ
                                ;   DEはカウント･アップ（エラーを発生した時点でカウント･アップは停止）
                                ;   CY＝1ならエラー
                                ;破壊   AF，HL，DE
                                ;注：小文字に対応。
                                ; このサブルーチンを完成させてください。
       07A4                     HLHEX:
0007A4 07A4 CDB51F          17      CALL    _2HEX ; 先頭2桁を変換
0007A7 07A7 38E6            12      JR  C,HEXERR ; エラーならリターン
0007A9 07A9 65               4      LD  H,L ; HLの上位に格納
0007AA 07AA CDB51F          17      CALL    _2HEX ; 次の2桁を変換
0007AD 07AD 38E0            12      JR  C,HEXERR ; エラーならリターン
0007AF 07AF 6F               4      LD  L,A ; HLの下位に格納
0007B0 07B0 C9              10      RET
                                
                                
                                
                                ;===============
                                ;スクリーン制御
                                ;===============
                                
                                
                                ;#CSR（2018H）の本体
                                ; カーソル座標を読み出します。
                                ;入力   なし
                                ;出力   L←x座標、H←y座標
                                ;破壊   HL
                                ;注：CALC_CURSOR_XYを呼び出します。
       07B1                     CSR:
0007B1 07B1 F5              11      PUSH    AF
0007B2 07B2 D5              11      PUSH    DE
0007B3 07B3 C5              11      PUSH    BC
0007B4 07B4 CDF710          17      CALL CALC_CURSOR_XY ; CURSOR_LOCATEからX,Y座標を計算して、cursor_XY_ADDRに保存する。
0007B7 07B7 2A00FF          16      LD  HL,(cursor_XY_ADDR)     ; LにX座標をロード (2バイト)
0007BA 07BA C1              10      POP BC
0007BB 07BB D1              10      POP DE
0007BC 07BC F1              10      POP AF
0007BD 07BD C9              10      RET
                                
                                
                                ;#LOC（201EH）の本体
                                ; HLレジスタの値(L=X座標、H=Y座標)で指定するXY座標へカーソルの位置をセットする。
                                ;入力   L←x座標、H←y座標
                                ;出力   なし
                                ;破壊   AF（実際F）
                                ;注：
                                ; 「WALRUS」がAccの保存を期待しているので、Accは保存します。
                                ; 「ELFES IV」「TANGERINE」などでCYクリアが必要。
                                ; このサブルーチンを完成させてください。
       07BE                     LOC:
0007BE 07BE F5              11      PUSH    AF
0007BF 07BF E5              11      PUSH    HL
0007C0 07C0 D5              11      PUSH    DE
0007C1 07C1 C5              11      PUSH    BC
                                    ; 現在HLが移動したいカーソルの位置を指さしている。
                                    ; PRINT_CURSORはDEに現在のカーソルの位置が入っていることを期待している。
0007C2 07C2 EB               4      EX DE,HL    ; DE←移動先カーソル位置
0007C3 07C3 CDE110          17      CALL    PRINT_CURSOR ; カーソル位置を設定
0007C6 07C6 C1              10      POP BC
0007C7 07C7 D1              10      POP DE
0007C8 07C8 E1              10      POP HL
0007C9 07C9 F1              10      POP AF
0007CA 07CA B7               4      OR A    ;CY←0
0007CB 07CB C9              10      RET
                                
                                
                                ;#SCRN（201BH）の本体
                                ; HレジスタにY座標、LレジスタにX座標を格納してコールすると、画面上におけるその座標の文字を読み込み、Aレジスタに格納する。
                                ;入力   L←x座標、H←y座標
                                ;出力   Acc←文字
                                ;破壊   AF
                                ;注：
                                ; CYをクリアします。
                                ; このサブルーチンを完成させてください。
       07CC                     SCRN:
0007CC 07CC E5              11      PUSH    HL
0007CD 07CD D5              11      PUSH    DE
0007CE 07CE C5              11      PUSH    BC
                                ; VRAMにアクセスして、カーソル位置DEにある通常文字のアスキーコードを得る。
0007CF 07CF D3D2            11      OUT (0D2H),A ; access to RAM page 1
0007D1 07D1 1A               7      LD A,(DE) ; get character
0007D2 07D2 C1              10      POP BC
0007D3 07D3 D1              10      POP DE
0007D4 07D4 E1              10      POP HL
0007D5 07D5 B7               4      OR  A   ;CY←0
0007D6 07D6 C9              10      RET
                                
                                
                                ;#WIDCH（2030H）の本体
                                ; 表示桁数を変更します。SORD M23ではサポートしません。
                                ;入力   Acc←桁数
                                ;出力   なし
                                ;破壊   AF，HL，DE，BC
                                ; CY＝0でリターンします（ディスク･モジュールのため）。
       07D7                     WIDCH:
0007D7 07D7 B7               4      OR A    ;CY←0
0007D8 07D8 C9              10      RET
                                
                                ;LINCH（203CH）の本体
                                ; 表示行数を変更します。 SORD M23ではサポートしません。
                                ;入力   Acc←行数
                                ;   [_WIDTH]参照
                                ;出力   なし
                                ;破壊   AF，HL，DE，BC
       07D9                     LINCH0:
0007D9 07D9 C9              10      RET
                                
                                ;=======================
                                ;ビープ音を鳴らします
                                ;=======================
                                
                                
                                ;#BELL（1FC4H）の本体
                                ; ビープ音を鳴らします。
                                ;入力   なし
                                ;出力   なし
                                ;破壊   AF
       07DA                     BELL:
0007DA 07DA C9              10      RET
                                
                                
                                ;=======================
                                ;プリンタ･ルーチン
                                ;=======================
                                
                                
                                ;#LPRNT（1FDCH）本体
                                ; プリンタ1文字出力。SORD M23ではサポートしません。
                                ;入力   Acc←文字
                                ;出力   CY＝1ならエラー（Acc＝1）
                                ;破壊   AF
                                ;注：
                                ; 0DHは、0DH＋0AHに変換します。
                                ; 00H、0AH、1AHは、無視します。
       07DB                     LPRNT:
0007DB 07DB C9              10      RET
                                
                                ;#LPTON（1FD9H）の本体
                                ; 表示をプリンタ出力モードにします。SORD M23ではサポートしません。
                                ;入力   なし
                                ;出力   [_LPSW]←1
                                ;破壊   なし
                                ;注：
       07DC                     LPTON:
0007DC 07DC C9              10      RET
                                
                                ;#LPTOF（1FD6H）の本体
                                ; 表示を非プリンタ出力モードにします。SORD M23ではサポートしません。
                                ;入力   なし
                                ;出力   [_LPSW]←0
                                ;破壊   なし
       07DD                     LPTOF:
0007DD 07DD C9              10      RET
                                
                                
                                ;===============
                                ;入力ルーチン
                                ;===============
                                
                                ;#GETKY（1FD0H）の本体
                                ; キー入力（入力待ちなし、エコー･バックなし）。
                                ;入力   なし
                                ;出力   Acc←文字
                                ;破壊   AF
                                ;注：
                                ; 常にオート･リピートがかかっています。
                                ; フィジカル･ルーチンreal_time_input_key_entity（AF，HL，DE，BC破壊）を呼び出します。
       07DE                     GETKY:
0007DE 07DE C9              10      RET
                                
                                ;#BRKEY（1FCDH）の本体
                                ; ^Cチェックします（入力待ちなし、エコー･バックなし）。
                                ;入力   なし
                                ;出力   ZF＝1なら^Cが押されています
                                ;破壊   AF
                                ;注：
                                ; 常にオート･リピートがかかっています。
                                ; フィジカル･ルーチンreal_time_input_key_entity（AF，HL，DE，BC破壊）を呼び出します。
                                ; ^C（03H）とESC（1BH）をブレイク･キーとみなします。
       07DF                     BRKEY:
0007DF 07DF E5              11      PUSH    HL
0007E0 07E0 D5              11      PUSH    DE
0007E1 07E1 C5              11      PUSH    BC
0007E2 07E2 CD7D0C          17      CALL    real_time_input_key_entity
0007E5 07E5 FE03             7      CP  03H ;^C
0007E7 07E7 2806            12      JR  Z,BRKRET
0007E9 07E9 FE1B             7      CP  1BH ;ESC
0007EB 07EB 2802            12      JR  Z,BRKRET
0007ED 07ED F6FF             7      OR  0FFH    ;ZF←0，CY←0
       07EF                     BRKRET:
0007EF 07EF C1              10      POP BC
0007F0 07F0 D1              10      POP DE
0007F1 07F1 E1              10      POP HL
0007F2 07F2 C9              10      RET
                                
                                
                                ;#PAUSE（1FC7H）の本体
                                ; ポーズ処理。
                                ; どのタイミングでも、
                                ;^Cが入力されればインライン･パラのアドレスにジャンプします。
                                ;何もキーが押されていなければ、そのままリターンします。
                                ; スペースが押されれば一時停止し、他のキーが押されればリターンします。
                                ;入力   「CALL ＃PAUSE」の次のアドレス←^C入力時の飛び先
                                ;出力   なし
                                ;破壊   AF
       07F3                     PAUSE:
0007F3 07F3 E3              19      EX  (SP),HL ;スタック←HL，HL←インライン･パラのアドレス
0007F4 07F4 D5              11      PUSH    DE
0007F5 07F5 C5              11      PUSH    BC
0007F6 07F6 5E               7      LD  E,(HL)
0007F7 07F7 23               6      INC HL
0007F8 07F8 56               7      LD  D,(HL)
0007F9 07F9 23               6      INC HL
0007FA 07FA 222108          16      LD  (PAURET),HL ;リターン･アドレス
0007FD 07FD ED532808        20      LD  (PAUREB),DE ;インライン･パラ
000801 0801 CDCD1F          17      CALL    _BRKEY
000804 0804 281D            12      JR  Z,PAUBRK
000806 0806 CDD01F          17      CALL    _GETKY
000809 0809 FE20             7      CP  ' '
00080B 080B 200F            12      JR  NZ,PAUESC
                                
00080D 080D CDCD1F          17  PAULP:  CALL    _BRKEY
000810 0810 2811            12      JR  Z,PAUBRK
000812 0812 CDD01F          17      CALL    _GETKY
000815 0815 B7               4      OR  A
000816 0816 28F5            12      JR  Z,PAULP
000818 0818 FE20             7      CP  ' '
00081A 081A 28F1            12      JR  Z,PAULP
                                
00081C 081C C1              10  PAUESC: POP BC
00081D 081D D1              10      POP DE
00081E 081E E1              10      POP HL
00081F 081F AF               4      XOR A
000820 0820 C3                      DB  0C3H    ;「JP」
000821 0821                     PAURET: DS  2
                                
000823 0823 C1              10  PAUBRK: POP BC
000824 0824 D1              10      POP DE
000825 0825 E1              10      POP HL
000826 0826 AF               4      XOR A
000827 0827 C3                      DB  0C3H    ;「JP」
000828 0828                     PAUREB: DS  2
                                
                                
                                ;#INKEY（1FCAH）の本体
                                ; キー入力（入力待ちあり、エコー･バックなし）。
                                ;入力   なし
                                ;出力   Acc←文字
                                ;破壊   AF
                                ;注：
                                ; フィジカル･ルーチンINKEY_entity（AF，HL，DE，BC破壊）を呼び出します。
       082A                     INKEY:
00082A 082A C9              10      RET
                                
                                
                                ;#FLGET（2021H）の本体
                                ; カーソル表示つき、キー入力（入力待ちあり、エコー･バックなし）。
                                ;入力   なし
                                ;出力   Acc←文字
                                ;破壊   AF
                                ;注：フィジカル･ルーチンinput_one_character_entity（AF，HL，DE，BC破壊）を呼び出します。
       082B                     FLGET:
00082B 082B C9              10      RET
                                
                                ;#GETL（1FD3H）の本体
                                ; 文字列入力。
                                ;入力   DE←キー入力バッファの先頭アドレス
                                ;出力   [DE～]←文字列
                                ;破壊   AF
                                ;注：
                                ; エンド･コードは00H。
                                ; 入力がキャンセルされた場合、「1BH、00H」がバッファに格納されます。
                                ; 入力待ちあり、エコー･バックあり。
                                ; フィジカル･ルーチンinput_line_character_entity（AF，HL，DE，BC破壊)を呼び出します。
       082C                     GETL:
00082C 082C C9              10      RET
                                
                                ;===============================
                                ;ファイル操作（ファイル名処理）
                                ;===============================
                                
                                
                                ;#FPRNT（1F9DH）の本体
                                ; S-OSのFCBバッファのファイル名を表示します（改行しません）。
                                ; ポーズ機能あり。
                                ;入力   S-OSのFCBバッファ（fcb_buffer～）参照
                                ;出力   なし
                                ;破壊   AF，HL，DE，BC
       082D                     FPRNT:
00082D 082D 11CD04          10      LD  DE,fcb_buffer+1
                                
                                ;   プライマリ名の表示
000830 0830 060D             7      LD  B,13
000832 0832 1A               7  FPRLP1: LD  A,(DE)
000833 0833 13               6      INC DE
000834 0834 CDF41F          17      CALL    _PRINT
000837 0837 10F9            13      DJNZ    FPRLP1
                                
                                ;   ピリオドの表示
000839 0839 3E2E             7      LD  A,'.'
00083B 083B CDF41F          17      CALL    _PRINT
                                
                                ;   拡張子の表示
00083E 083E 0603             7      LD  B,3
000840 0840 1A               7  FPRLP2: LD  A,(DE)
000841 0841 13               6      INC DE
000842 0842 CDF41F          17      CALL    _PRINT
000845 0845 10F9            13      DJNZ    FPRLP2
                                
000847 0847 CDC71F          17      CALL    _PAUSE
00084A 084A 4C08                    DW  $+2
00084C 084C C9              10      RET
                                
                                
                                ;#FSAME（1FA0H）の本体
                                ; ＃FILE（1FA3H）でセットされたファイル名、ファイル属性と、
                                ;DE～にセットされた解析されてないないファイル名（エンド･コード00H）、
                                ;ファイル属性（Acc）を比較します。
                                ;入力   Acc←ファィル属性、DE←文字列（ファイル名）の先頭
                                ;   S-OSのFCBバッファ（fcb_buffer～）参照
                                ;出力   一致すればZF＝1（Acc←0）、不一致ならZF＝0（Acc←8）
                                ;破壊   AF，HL，DE，BC
                                ;注：
                                ; 入力パラメータに、ファイル属性（Acc）が必要。
                                ; CYは常にリセットされています。
       084D                     FSAME:
                                ;   ファイル属性の比較
00084D 084D E687             7      AND 10000111B   ;マスク
00084F 084F 47               4      LD  B,A ;B←マスクされたファイル属性
000850 0850 3A1F29          13      LD  A,(_FTYPE)  ;Acc←セットされたFCBのファイル属性
000853 0853 E687             7      AND 10000111B   ;マスク
000855 0855 B8               4      CP  B
000856 0856 C27208          10      JP  NZ,FSMERR   ;ファイル属性が一致しない
                                
                                ;   [BUFFER～]にデバイス名とファイル名を解析してセットします
000859 0859 CDAB08          17      CALL    FNAME   ;ファイル名を解析します
00085C 085C D8              11      RET C   ;デバイス名が異常（エラー3）
                                
                                ;   デバイス名の比較
00085D 085D 3A5D1F          13      LD  A,(_DSK)
000860 0860 210001          10      LD  HL,BUFFER
000863 0863 BE               7      CP  (HL)
000864 0864 200C            12      JR  NZ,FSMERR
                                
                                ;   ファイル名（プライマリ，拡張子）の比較
000866 0866 11CD04          10      LD  DE,fcb_buffer+1 ;比較されるファイル名
000869 0869 210101          10      LD  HL,BUFFER+1 ;比較するファイル名
00086C 086C 3E10             7      LD  A,16
00086E 086E CD9C08          17      CALL    CMPFNM  ;ファイル名を比較します
000871 0871 C8              11      RET Z
                                
                                ;   一致しませんでした
000872 0872 3E08             7  FSMERR: LD  A,8 ;File not Found
000874 0874 B7               4      OR  A   ;ZF←0
000875 0875 37               4      SCF
000876 0876 C9              10      RET
                                
                                
                                ;#FILE（1FA3H）の本体
                                ; ファイル名を解析して、各ワークにパラメータをセットします。
                                ;入力   Acc←ファィル属性、DE←文字列（ファイル名）の先頭
                                ;出力   [_DSK]←デバイス名、[_FTYPE]←ファイル属性、
                                ;   S-OSのFCBバッファ←変換されたファイル名
                                ;   DEは00Hか「:」のアドレスを示しています。
                                ;   CY＝1ならエラー（Acc←エラー･コード）
                                ;破壊   AF，HL，DE，BC
                                ;注：
                                ; CY＝0でリターンしています。
                                ; ファイル名はコントロール･コードなどがカットされ、
                                ;「*」は「?」に展開されます。
       0877                     FILE:
000877 0877 321F29          13      LD  (_FTYPE),A  ;ファイル属性（ファイル名の解析でセットされます）
00087A 087A 32CC04          13      LD  (fcb_buffer),A  ;FCBのファイル属性部分（＋0）
00087D 087D CDAB08          17      CALL    FNAME   ;ファイル名を解析します
000880 0880 D8              11      RET C   ;デバイス名が異常（エラー3）
000881 0881 D5              11      PUSH    DE
000882 0882 3A0001          13      LD  A,(BUFFER)  ;Acc←デバイス名
000885 0885 325D1F          13      LD  (_DSK),A
000888 0888 210101          10      LD  HL,BUFFER+1 ;解析されたファイル名
00088B 088B 11CD04          10      LD  DE,fcb_buffer+1 ;FCBのファイル名フィールド
00088E 088E 011000          10      LD  BC,16
000891 0891 EDB0                    LDIR        ;FCBのファイル名部分（＋1～＋16）
000893 0893 3E20             7      LD  A,20H
000895 0895 12               7      LD  (DE),A  ;FCBのパスワード部分（＋17）
000896 0896 D1              10      POP DE
000897 0897 CD180D          17      CALL    SPSKIP  ;文字列の空白を読み飛ばします
00089A 089A AF               4      XOR A   ;CY←0
00089B 089B C9              10      RET
                                
                                
                                ;===============================
                                ;ファイル名処理補助ルーチン
                                ;===============================
                                
                                
                                ;ファイル名を比較します
                                ;入力   DE←比較されるファイル名の先頭、HL←比較するファイル名の先頭、
                                ;   Acc←カウンタ
                                ;出力   ZF＝1なら一致
                                ;破壊   AF，HL，DE，BC
                                ;注：ワイルド･カードの「?」は常に一致とみなします。
       089C                     CMPFNM:
00089C 089C 47               4      LD  B,A ;B←カウンタ
00089D 089D EB               4      EX  DE,HL
                                
                                ;   比較ループ
00089E 089E 1A               7  CPFLP:  LD  A,(DE)  ;Acc←比較する文字
00089F 089F FE3F             7      CP  '?'
0008A1 08A1 2802            12      JR  Z,CPFSKP    ;常に一致させます
0008A3 08A3 BE               7      CP  (HL)
0008A4 08A4 C0              11      RET NZ  ;一致しませんでした
0008A5 08A5 13               6  CPFSKP: INC DE
0008A6 08A6 23               6      INC HL
0008A7 08A7 10F5            13      DJNZ    CPFLP
                                
                                ;   すべて一致
0008A9 08A9 AF               4      XOR A   ;ZF←1
0008AA 08AA C9              10      RET
                                
                                
                                ;ファイル名を解析します
                                ;入力   DE←文字列（ファイル名）の先頭
                                ;出力   [BUFFER]←デバイス名、[BUFFER＋1～]←変換されたファイル名
                                ;   DEはカウント･アップされます（区切りでストップ）
                                ;   CY＝1（Acc←エラー･コード）ならエラー
                                ;破壊   AF，HL，DE，BC
       08AB                     FNAME:
                                ;   デバイス名の転送
0008AB 08AB CDD708          17      CALL    MGETDV  ;文字列からデバイス名を取り出します
0008AE 08AE CD1529          17      CALL    _DVCHK  ;デバイス名が正しいか（A～L，S，T，Q）かチェックします
0008B1 08B1 D8              11      RET C   ;Acc←3 'Bad File Descripter
0008B2 08B2 210001          10      LD  HL,BUFFER
0008B5 08B5 77               7      LD  (HL),A  ;[BUFFER]←デバイス名
0008B6 08B6 23               6      INC HL  ;HL←BUFFER＋1
                                
                                ;   ファイル名の転送
0008B7 08B7 CDF208          17      CALL    CLRWFG
0008BA 08BA 060D             7      LD  B,13    ;プライマリ名
0008BC 08BC CDF808          17  FNML11: CALL    GTFLTR
0008BF 08BF 77               7      LD  (HL),A
0008C0 08C0 23               6      INC HL
0008C1 08C1 10F9            13      DJNZ    FNML11
0008C3 08C3 CD2D09          17      CALL    SKPPRD
0008C6 08C6 CDF208          17      CALL    CLRWFG
0008C9 08C9 0603             7      LD  B,3 ;拡張子
0008CB 08CB CDF808          17  FNML12: CALL    GTFLTR
0008CE 08CE 77               7      LD  (HL),A
0008CF 08CF 23               6      INC HL
0008D0 08D0 10F9            13      DJNZ    FNML12
0008D2 08D2 CD2D09          17      CALL    SKPPRD
                                
0008D5 08D5 AF               4      XOR A   ;CY←0
0008D6 08D6 C9              10      RET
                                
                                
                                ;文字列からデバイス名を取り出します
                                ;入力   DE←文字列の先頭アドレス
                                ;出力   Acc←デバイス名（省略時はデフォルト、小文字は大文字に変換）
                                ;   CY＝1ならデバイス名が省略されていました
                                ;   DEはカウント･アップされます
                                ;破壊   AF，DE
       08D7                     MGETDV:
0008D7 08D7 CD180D          17      CALL    SPSKIP  ;文字列の空白を読み飛ばします
0008DA 08DA 1A               7      LD  A,(DE)
0008DB 08DB B7               4      OR  A
0008DC 08DC 280F            12      JR  Z,MGTDV1    ;文字列の終わりに達していました
0008DE 08DE 13               6      INC DE
0008DF 08DF 1A               7      LD  A,(DE)
0008E0 08E0 1B               6      DEC DE
0008E1 08E1 FE3A             7      CP  ':'
0008E3 08E3 2008            12      JR  NZ,MGTDV1   ;デバイスが指定されていません
                                
                                ;   デバイスが指定されています
0008E5 08E5 1A               7      LD  A,(DE)
0008E6 08E6 CD220D          17      CALL    convert_lower_case_to_upper_case
0008E9 08E9 13               6      INC DE
0008EA 08EA 13               6      INC DE
0008EB 08EB B7               4      OR  A   ;CY←0
0008EC 08EC C9              10      RET
                                
                                ;   デバイスが指定されていません
0008ED 08ED CD2420          17  MGTDV1: CALL    _RDVSW
0008F0 08F0 37               4      SCF     ;CY←1
0008F1 08F1 C9              10      RET
                                
                                
                                ;GTFLTRルーチンの「*」モードを初期化します
                                ;入力   なし
                                ;出力   [WASFLG]←0
                                ;破壊   AF
       08F2                     CLRWFG:
0008F2 08F2 AF               4      XOR A
0008F3 08F3 322B09          13      LD  (WASFLG),A
0008F6 08F6 C9              10      RET
                                
                                
                                ;文字列からファイル名（プライマリ，拡張子）を1文字取り出します
                                ;入力   DE←文字列のアドレス
                                ;出力   Acc←変換された文字（区切りに達した場合はスペースに変換されます）
                                ;   DEはカウント･アップされます（区切りでストップ）
                                ;破壊   AF，DE
                                ;注：
                                ; 00H、0DH、「:」、「.」を区切りとみなします。
                                ; コントロール･コードやスペースはスキップします。
                                ; 「*」フェイズでは「?」を返します。
0008F7 08F7 13               6  GFLLP:  INC DE
                                
       08F8                     GTFLTR:
                                ;   「*」フェイズかチェックします
0008F8 08F8 3A2B09          13      LD  A,(WASFLG)
0008FB 08FB B7               4      OR  A
0008FC 08FC 2027            12      JR  NZ,GFLWLD
                                
0008FE 08FE 1A               7      LD  A,(DE)  ;Acc←1文字
                                
                                ;   区切りに達したか調べます
0008FF 08FF B7               4      OR  A   ;NUL
000900 0900 2826            12      JR  Z,GFLESC
000902 0902 FE0D             7      CP  0DH ;RET
000904 0904 2822            12      JR  Z,GFLESC
000906 0906 FE3A             7      CP  ':'
000908 0908 281E            12      JR  Z,GFLESC
00090A 090A FE2E             7      CP  '.'
00090C 090C 281A            12      JR  Z,GFLESC
                                
                                ;   コントロール･コードとスペースをスキップします
00090E 090E 1A               7      LD  A,(DE)
00090F 090F FE7F             7      CP  7FH ;DEL
000911 0911 28E4            12      JR  Z,GFLLP
000913 0913 FE21             7      CP  21H ;00H～20H
000915 0915 38E0            12      JR  C,GFLLP
                                
                                ;   「*」かチェックします
000917 0917 FE2A             7      CP  '*'
000919 0919 2804            12      JR  Z,GFLAST
                                
                                ;   通常終了
00091B 091B 13               6      INC DE  ;DEのカウント･アップ
00091C 091C C3220D          10      JP  convert_lower_case_to_upper_case
                                
                                ;   「*」を発見しました
00091F 091F 3EFF             7  GFLAST: LD  A,0FFH
000921 0921 322B09          13      LD  (WASFLG),A
000924 0924 13               6      INC DE
                                
                                ;   「*」フェイズ
000925 0925 3E3F             7  GFLWLD: LD  A,'?'
000927 0927 C9              10      RET
                                
                                ;   ピリオドかファイル名の最後に達しました
000928 0928 3E20             7  GFLESC: LD  A,' '
00092A 092A C9              10      RET
                                
                                ;   ワイルド･カード関係
00092B 092B                     WASFLG: DS  1   ;＝FFHで「*」フェイズ中
                                
                                
                                ;ファイル名のピリオド部（プライマリと拡張子の区切り）をスキップします
                                ;入力   DE←文字列のアドレス
                                ;出力   DEはカウント･アップされます（区切りでストップ）
                                ;破壊   AF，DE
                                ;注：
                                ; 00H、0DH、「:」を区切りとみなします。
                                ; コントロール･コードやスペースはスキップします。
00092C 092C 13               6  SKPLP:  INC DE
                                
       092D                     SKPPRD:
00092D 092D 1A               7      LD  A,(DE)  ;Acc←1文字
                                
                                ;   区切りに達したか調べます
00092E 092E B7               4      OR  A   ;NUL
00092F 092F C8              11      RET Z
000930 0930 FE0D             7      CP  0DH ;RET
000932 0932 C8              11      RET Z
000933 0933 FE3A             7      CP  ':'
000935 0935 C8              11      RET Z
                                
                                ;   ピリオドに達したか調べます
000936 0936 FE2E             7      CP  '.'
000938 0938 20F2            12      JR  NZ,SKPLP
                                
                                ;   ピリオドをスキップ
00093A 093A 13               6      INC DE
00093B 093B C9              10      RET
                                
                                
                                ;=======================
                                ;ファイル操作（テープ）
                                ;=======================
                                ; サポートしません。
                                
                                
                                ;%RDI（2900H）
                                ;テープのインフォメーション･ファイルをロードします
                                ;出力   CY＝1ならエラー（Acc←エラー･コード）
                                ;破壊   AF，HL，DE，BC
       093C                     RDI:
00093C 093C 3E02             7      LD  A,2
00093E 093E 37               4      SCF
00093F 093F C9              10      RET
                                
                                
                                ;%TROPN（2903H）
                                ;テープのリード･オープン
                                ;入力   [_DSK]←デバイス名
                                ;出力   ZF＝1（Acc←0）ならファイルが見つかりました
                                ;   CY＝1ならエラー（Acc←エラー･コード）
                                ;破壊   AF，HL，DE，BC
                                ;注：
                                ; ファイル名解析後呼び出すこと。
                                ; ファイル名の先頭が20Hか0DHの場合は、常に一致とみなします。
       0940                     TROPN:
000940 0940 3E02             7      LD  A,2
000942 0942 37               4      SCF
000943 0943 C9              10      RET
                                
                                
                                ;%WRI（2906H）
                                ;テープにインフォメーション･ファイルをセーブします
                                ;入力   なし
                                ;出力   CY＝1ならエラー（Acc←エラー･コード）
                                ;破壊   AF，HL，DE，BC
       0944                     WRI:
000944 0944 3E02             7      LD  A,2
000946 0946 37               4      SCF
000947 0947 C9              10      RET
                                
                                
                                ;%TWRD（2909H）
                                ;テープにデータ･ファイルをセーブします
                                ;入力   なし
                                ;出力   CY＝1ならエラー（Acc←エラー･コード）
                                ;破壊   AF，HL，DE，BC
       0948                     TWRD:
000948 0948 3E02             7      LD  A,2
00094A 094A 37               4      SCF
00094B 094B C9              10      RET
                                
                                
                                ;%TRDD（290CH）
                                ;テープのデータ･ファイルをロードします
                                ;入力   なし
                                ;出力   CY＝1ならエラー（Acc←エラー･コード）
                                ;破壊   AF，HL，DE，BC
       094C                     TRDD:
00094C 094C 3E02             7      LD  A,2
00094E 094E 37               4      SCF
00094F 094F C9              10      RET
                                
                                
                                ;%TDIR（290FH）
                                ;テープのディレクトリを表示します
                                ;入力   なし
                                ;出力   CY＝1ならエラー（Acc←エラー･コード）
                                ;破壊   AF，HL，DE，BC
       0950                     TDIR:
000950 0950 3E02             7      LD  A,2
000952 0952 37               4      SCF
000953 0953 C9              10      RET
                                
                                
                                ;-----------------------
                                ;フィジカル･ルーチン
                                ;-----------------------
                                
                                
                                ;===============================
                                ;フィジカル･ルーチン表示関係
                                ;===============================
                                
                                
                                ;1文字入力ルーチン（入力待ちあり、エコー･バックあり、カーソル表示あり）
                                ;入力   なし
                                ;出力   Acc←文字
                                ;破壊   AF，HL，DE，BC
       0954                     input_one_character_entity:
000954 0954 CD8F0C          17      CALL    display_cursor
000957 0957 CDCA1F          17      CALL    _INKEY
00095A 095A F5              11      PUSH    AF
00095B 095B CDA80C          17      CALL    erase_cursor
00095E 095E F1              10      POP AF
00095F 095F C9              10      RET
                                
                                
                                ;===============================
                                ;フィジカル･ルーチン入力関係
                                ;===============================
                                
                                
                                ;文字列入力ルーチン（入力待ちあり、エコー･バックあり、カーソル表示あり）
                                ;入力   DE←入力バッファの先頭アドレス
                                ;出力   [DE～]←入力文字列
                                ;破壊   AF，HL，DE，BC
                                ;注：
                                ; ブレイク･キーが押された場合、入力バッファの先頭に、1BH（，00H）が入ります。
                                ; リターン･キー（0DH）は含まれません。
                                ; 文字列の最後には00Hが入ります。
                                ; バッファは256バイトまで使用します。
                                ; ルーチンの最初と最後で、インサート･モードをクリアします。
                                ; 画面出力時のインサート処理は、高速化のため、このルーチンで処理します。
       0960                     input_line_character_entity:
000960 0960 AF               4      XOR A
000961 0961 32FF04          13      LD  (insert_mode_flag),A    ;[insert_mode_flag]のクリア
000964 0964 D5              11      PUSH    DE
                                
000965 0965 CD2120          17  GTLP:   CALL    _FLGET
000968 0968 FE0D             7      CP  0DH ;CR
00096A 096A 281F            12      JR  Z,GTCR
00096C 096C FE03             7      CP  03H ;^C
00096E 096E 2810            12      JR  Z,GTBRK
000970 0970 FE1B             7      CP  1BH ;ESC
000972 0972 280C            12      JR  Z,GTBRK
000974 0974 FE09             7      CP  09H ;TAB
000976 0976 281E            12      JR  Z,GTTAB
000978 0978 CDB909          17      CALL    GTINS
00097B 097B CDF41F          17      CALL    _PRINT
00097E 097E 18E5            12      JR  GTLP
                                
                                ;   ブレイクしました
000980 0980 CDF41F          17  GTBRK:  CALL    _PRINT
000983 0983 D1              10      POP DE
000984 0984 3E1B             7      LD  A,1BH
000986 0986 12               7      LD  (DE),A
000987 0987 13               6      INC DE
000988 0988 AF               4      XOR A
000989 0989 12               7      LD  (DE),A
00098A 098A C9              10      RET
                                
                                ;   1行入力がありました
00098B 098B D1              10  GTCR:   POP DE
00098C 098C CDDF0A          17      CALL    INPUTL  ;カーソル位置は論理行の最後の物理行へ
00098F 098F AF               4      XOR A
000990 0990 32FF04          13      LD  (insert_mode_flag),A
000993 0993 C3EE1F          10      JP  _LTNL   ;改行します
                                
                                ;   タブ処理
000996 0996 3A5C1F          13  GTTAB:  LD  A,(_WIDTH)
000999 0999 4F               4      LD  C,A ;C←桁数
00099A 099A 3AFA04          13      LD  A,(CSRNX)
00099D 099D 81               4      ADD A,C ;Acc←x座標
00099E 099E 47               4      LD  B,A ;B←x座標
00099F 099F E6F8             7      AND 11111000B
0009A1 09A1 C608             7      ADD A,8 ;Acc←次のタブ位置（仮）
0009A3 09A3 B9               4      CP  C
0009A4 09A4 3801            12      JR  C,$+3
0009A6 09A6 79               4      LD  A,C ;Acc←次のタブ位置（実際）
0009A7 09A7 90               4      SUB B   ;Acc←次のタブ位置-x座標
0009A8 09A8 47               4      LD  B,A ;B←表示スペース数
0009A9 09A9 3E20             7      LD  A,' '
                                
0009AB 09AB C5              11  GTTLP:  PUSH    BC
0009AC 09AC CDB909          17      CALL    GTINS
0009AF 09AF C1              10      POP BC
0009B0 09B0 10F9            13      DJNZ    GTTLP
                                
0009B2 09B2 3E09             7      LD  A,09H   ;TAB
0009B4 09B4 CDF41F          17      CALL    _PRINT
0009B7 09B7 18AC            12      JR  GTLP
                                
                                ;   インサート･モードなら、1文字インサートします
0009B9 09B9 FE20             7  GTINS:  CP  20H
0009BB 09BB D8              11      RET C   ;コントロール･コードだった
0009BC 09BC 4F               4      LD  C,A
0009BD 09BD 3AFF04          13      LD  A,(insert_mode_flag)
0009C0 09C0 B7               4      OR  A
0009C1 09C1 79               4      LD  A,C
0009C2 09C2 C8              11      RET Z   ;インサート･モードでなかった
                                
                                ;   インサート･モードだった
0009C3 09C3 F5              11      PUSH    AF
                                
                                ;   初期設定
0009C4 09C4 3A5C1F          13      LD  A,(_WIDTH)
0009C7 09C7 6F               4      LD  L,A
0009C8 09C8 2600             7      LD  H,0
0009CA 09CA 22B40A          16      LD  (line_length),HL
0009CD 09CD 3A5B1F          13      LD  A,(_MXLIN)
0009D0 09D0 2E00             7      LD  L,0
0009D2 09D2 67               4      LD  H,A
0009D3 09D3 22BE0A          16      LD  (final_plus_one_cursor_XY),HL
0009D6 09D6 CD4D0B          17      CALL    get_offset_from_cursor_XY
0009D9 09D9 22C00A          16      LD  (offset_plus_one_cursor_XY),HL
0009DC 09DC CD4C0B          17      CALL    get_Y_next_logical_line
0009DF 09DF 22BA0A          16      LD  (next_cursor_XY_top_of_next_logical_line),HL
0009E2 09E2 CD4D0B          17      CALL    get_offset_from_cursor_XY
0009E5 09E5 22BC0A          16      LD  (next_cursor_offset_top_of_next_logical_line),HL
0009E8 09E8 CD1820          17      CALL    _CSR
0009EB 09EB 22B60A          16      LD  (now_cursor_XY),HL
0009EE 09EE CD4D0B          17      CALL    get_offset_from_cursor_XY
0009F1 09F1 22B80A          16      LD  (now_cursor_offset),HL
0009F4 09F4 2ABC0A          16      LD  HL,(next_cursor_offset_top_of_next_logical_line)
0009F7 09F7 2B               6      DEC HL  ;HL←行末のカーソル･オフセット
0009F8 09F8 CD8E0C          17      CALL    read_character_offset_address
0009FB 09FB 32B20A          13      LD  (line_end_character),A
0009FE 09FE D620             7      SUB ' ' ;0，0以外
000A00 0A00 C6FF             7      ADD A,0FFH  ;CY＝0， CY＝1
000A02 0A02 9F               4      SBC A,A ;00H，FFH
000A03 0A03 32B30A          13      LD  (cursor_line_end),A
000A06 0A06 ED5BB80A        20      LD  DE,(now_cursor_offset)
000A0A 0A0A 2ABC0A          16      LD  HL,(next_cursor_offset_top_of_next_logical_line)
000A0D 0A0D 2B               6      DEC HL  ;HL←行末のカーソル･オフセット
000A0E 0A0E B7               4      OR  A
000A0F 0A0F ED52            15      SBC HL,DE
000A11 0A11 7C               4      LD  A,H
000A12 0A12 B5               4      OR  L   ;0以外，0
000A13 0A13 C6FF             7      ADD A,0FFH  ;CY＝1，CY＝0
000A15 0A15 9F               4      SBC A,A ;FFH，00H
000A16 0A16 2F               4      CPL     ;00H，FFH
000A17 0A17 21B30A          10      LD  HL,cursor_line_end
000A1A 0A1A B6               7      OR  (HL)
000A1B 0A1B 77               7      LD  (HL),A
                                
                                ;   転送します
000A1C 0A1C ED5BB80A        20      LD  DE,(now_cursor_offset)
000A20 0A20 2ABC0A          16      LD  HL,(next_cursor_offset_top_of_next_logical_line)
000A23 0A23 2B               6      DEC HL  ;HL←行末のカーソル･オフセット
000A24 0A24 B7               4      OR  A
000A25 0A25 ED52            15      SBC HL,DE
000A27 0A27 4D               4      LD  C,L
000A28 0A28 44               4      LD  B,H ;BC←転送文字数
000A29 0A29 2AB80A          16      LD  HL,(now_cursor_offset)  ;HL←転送元カーソル･オフセット
000A2C 0A2C 5D               4      LD  E,L
000A2D 0A2D 54               4      LD  D,H
000A2E 0A2E 13               6      INC DE  ;DE←転送先カーソル･オフセット
000A2F 0A2F 2803            12      JR  Z,$+5
                                    ; CALL  VBTRNS
000A31 0A31 CD1820          17      CALL    _CSR
000A34 0A34 CD4D0B          17      CALL    get_offset_from_cursor_XY
000A37 0A37 3E20             7      LD  A,' '
000A39 0A39 CD8D0C          17      CALL    write_character_offset_address
000A3C 0A3C 3AB30A          13      LD  A,(cursor_line_end)
000A3F 0A3F B7               4      OR  A
000A40 0A40 2002            12      JR  NZ,$+4
000A42 0A42 F1              10      POP AF
000A43 0A43 C9              10      RET
                                
                                ;   1物理行を注入する必要がある場合
000A44 0A44 3A5B1F          13      LD  A,(_MXLIN)
000A47 0A47 21BB0A          10      LD  HL,next_cursor_XY_top_of_next_logical_line+1
000A4A 0A4A 96               7      SUB (HL)    ;Acc←画面残り物理行数
000A4B 0A4B 2849            12      JR  Z,GTIRU ;論理的に綱がっている最終物理行が、画面最終物理最終行と等しい
000A4D 0A4D 3D               4      DEC A
000A4E 0A4E 2829            12      JR  Z,write_new_line    ;論理的に綱がっている最終物理行が、画面最終物理行の上の行
                                ;   ライン･ターミナル･テーブルの転送
000A50 0A50 4F               4      LD  C,A
000A51 0A51 0600             7      LD  B,0 ;BC←転送行数－1
000A53 0A53 21BB0A          10      LD  HL,next_cursor_XY_top_of_next_logical_line+1
000A56 0A56 86               7      ADD A,(HL)
000A57 0A57 5F               4      LD  E,A
000A58 0A58 1606             7      LD  D,LINTTB/100H   ;DE←転送先
000A5A 0A5A 6B               4      LD  L,E
000A5B 0A5B 62               4      LD  H,D
000A5C 0A5C 2D               4      DEC L   ;HL←転送元
000A5D 0A5D EDB8                    LDDR
000A5F 0A5F EB               4      EX  DE,HL
000A60 0A60 70               7      LD  (HL),B  ;新行と次の行の連結解除
                                ;   画面の転送
000A61 0A61 ED5BBC0A        20      LD  DE,(next_cursor_offset_top_of_next_logical_line)
000A65 0A65 2AC00A          16      LD  HL,(offset_plus_one_cursor_XY)
000A68 0A68 B7               4      OR  A
000A69 0A69 ED52            15      SBC HL,DE
000A6B 0A6B ED5BB40A        20      LD  DE,(line_length)
                                ;   OR  A
000A6F 0A6F ED52            15      SBC HL,DE
000A71 0A71 4D               4      LD  C,L
000A72 0A72 44               4      LD  B,H ;BC←転送バイト数
000A73 0A73 2ABC0A          16      LD  HL,(next_cursor_offset_top_of_next_logical_line)
000A76 0A76 EB               4      EX  DE,HL   ;HL←[line_length]，DE←[next_cursor_offset_top_of_next_logical_line]
000A77 0A77 19              11      ADD HL,DE
000A78 0A78 EB               4      EX  DE,HL   ;HL←転送元，DE←転送先
                                    ; CALL  VBTRNS
                                
                                ;   新行を書き込みます
000A79 0A79 2ABC0A          16  write_new_line: LD  HL,(next_cursor_offset_top_of_next_logical_line)
000A7C 0A7C ED4BB40A        20      LD  BC,(line_length)
000A80 0A80 3E20             7      LD  A,' '
                                    ; CALL  FILVRM
000A82 0A82 21BB0A          10  write_new_line_1:   LD  HL,next_cursor_XY_top_of_next_logical_line+1
000A85 0A85 6E               7      LD  L,(HL)
000A86 0A86 2D               4      DEC L
000A87 0A87 2606             7      LD  H,LINTTB/100H
000A89 0A89 36FF            10      LD  (HL),0FFH   ;新物理行と前の物理行を連結
000A8B 0A8B 2ABC0A          16      LD  HL,(next_cursor_offset_top_of_next_logical_line)
000A8E 0A8E 3AB20A          13      LD  A,(line_end_character)
000A91 0A91 CD8D0C          17      CALL    write_character_offset_address
000A94 0A94 F1              10      POP AF
000A95 0A95 C9              10      RET
                                
                                ;   論理的に綱がっている最終物理行が、画面最終物理最終行と等しい場合
000A96 0A96 CD350B          17  GTIRU:  CALL    control_code_ROLL_UP
000A99 0A99 2AB60A          16      LD  HL,(now_cursor_XY)
000A9C 0A9C 25               4      DEC H
000A9D 0A9D FAA30A          10      JP  M,$+6
000AA0 0AA0 CD1E20          17      CALL    _LOC
000AA3 0AA3 2ABA0A          16      LD  HL,(next_cursor_XY_top_of_next_logical_line)
000AA6 0AA6 25               4      DEC H
000AA7 0AA7 22BA0A          16      LD  (next_cursor_XY_top_of_next_logical_line),HL
000AAA 0AAA CD4D0B          17      CALL    get_offset_from_cursor_XY
000AAD 0AAD 22BC0A          16      LD  (next_cursor_offset_top_of_next_logical_line),HL
000AB0 0AB0 18D0            12      JR  write_new_line_1
                                
000AB2 0AB2                     line_end_character: DS  1   ;行末の文字
000AB3 0AB3                     cursor_line_end:    DS  1   ;＝FFH（≠0）で行末の文字がスペースでないか、カーソルが行末にあります
000AB4 0AB4                     line_length:    DS  2   ;1行の桁数
000AB6 0AB6                     now_cursor_XY:  DS  2   ;現在カーソル座標
000AB8 0AB8                     now_cursor_offset:  DS  2   ;現在カーソル･オフセット
000ABA 0ABA                     next_cursor_XY_top_of_next_logical_line:    DS  2   ;次の論理行頭カーソル座標
000ABC 0ABC                     next_cursor_offset_top_of_next_logical_line:    DS  2   ;次の論理行頭のカーソル･オフセット
000ABE 0ABE                     final_plus_one_cursor_XY:   DS  2   ;最終＋1のカーソル座標
000AC0 0AC0                     offset_plus_one_cursor_XY:  DS  2   ;最終＋1のカーソル･オフセット
                                
                                
                                ;=======================================
                                ;フィジカル･ルーチン･プリンタ関係
                                ;=======================================
                                
                                
                                ;プリンタ出力モードをオンします
                                ;入力   なし
                                ;出力   [_LPSW]←1
                                ;破壊   AF，HL，DE，BC
                                ;注：旧X1版SWORDと同じく、[#LPSW]に1を書きます。
       0AC2                     printer_output_mode_on_entity:
000AC2 0AC2 3E01             7      LD  A,1
000AC4 0AC4 327C1F          13      LD  (_LPSW),A
                                
                                ;   #PRINT（1FF4H）のため'
000AC7 0AC7 21D90A          10      LD  HL,LPPR
000ACA 0ACA 22F51F          16      LD  (_PRINT+1),HL
000ACD 0ACD 21D90A          10      LD  HL,LPPR
000AD0 0AD0 228C1F          16      LD  (BPRNT+1),HL
                                
000AD3 0AD3 C9              10      RET
                                
                                
                                ;プリンタ出力モードをオフします
                                ;入力   なし
                                ;出力   [_LPSW]←0
                                ;破壊   AF，HL，DE，BC
       0AD4                     printer_output_mode_off_entity:
000AD4 0AD4 AF               4      XOR A
000AD5 0AD5 327C1F          13      LD  (_LPSW),A
                                
                                ;   #PRINT（1FF4H）のため'
                                    ; LD    HL,PRINT
                                    ; LD    (_PRINT+1),HL
                                    ; LD    HL,BPRNT0
                                    ; LD    (BPRNT+1),HL
                                
000AD8 0AD8 C9              10      RET
                                
                                
                                ;1文字プリント前処理
       0AD9                     LPREB:
                                    ; PUSH  HL
                                    ; LD    HL,PRINT
                                    ; LD    (_PRINT+1),HL
                                    ; LD    HL,BPRNT0
                                    ; LD    (BPRNT+1),HL
                                    ; POP   HL
                                ;   JP  LPPR
                                
                                
                                ;#LPSW（1F7CH）がオンなら、通常表示ルーチンと置き代わります
       0AD9                     LPPR:
000AD9 0AD9 CD3C0C          17      CALL    PRINT
000ADC 0ADC F5              11      PUSH    AF
                                    ; CALL  _LPRNT
000ADD 0ADD F1              10      POP AF
000ADE 0ADE C9              10      RET
                                
                                
                                ;===============================
                                ;フィジカル･ルーチン補助
                                ;===============================
                                
                                
                                ;1行入力します
                                ;入力   DE←バッファのアドレス
                                ;出力   [DE～]←入力文字列
                                ;   カーソルを論理的に綱がっている最後の物理行へ
                                ;破壊   AF，HL，DE，BC
                                ;注：
                                ; 文字列の最後には00Hが入ります。
                                ; バッファは256バイトまで使用します。
       0ADF                     INPUTL:
000ADF 0ADF D5              11      PUSH    DE  ;スタック←入力バッファ
                                
                                ;   一時バッファのクリア
000AE0 0AE0 210001          10      LD  HL,BUFFER
000AE3 0AE3 110101          10      LD  DE,BUFFER+1
000AE6 0AE6 01FF00          10      LD  BC,255
000AE9 0AE9 70               7      LD  (HL),B
000AEA 0AEA EDB0                    LDIR
                                
                                ;   読み出しアドレスの設定
                                ;出力   DE←現在行の行頭のカーソル･オフセット、BC←現在行の最大文字数
000AEC 0AEC CD450B          17      CALL    get_Y_top_of_logical_line   ;論理行頭の座標を得ます
000AEF 0AEF CD4D0B          17      CALL    get_offset_from_cursor_XY
000AF2 0AF2 EB               4      EX  DE,HL   ;DE←現在行の行頭のカーソル･オフセット
000AF3 0AF3 CD4C0B          17      CALL    get_Y_next_logical_line ;次の論理行の座標を得ます
000AF6 0AF6 25               4      DEC H
000AF7 0AF7 CD1E20          17      CALL    _LOC    ;カーソルを論理的に綱がっている最後の物理行へ
000AFA 0AFA 24               4      INC H
000AFB 0AFB CD4D0B          17      CALL    get_offset_from_cursor_XY
000AFE 0AFE B7               4      OR  A
000AFF 0AFF ED52            15      SBC HL,DE
000B01 0B01 4D               4      LD  C,L
000B02 0B02 44               4      LD  B,H ;BC←現在行の最大文字数
                                
                                ;   一時バッファへ転送します
                                ;入力   DE←現在行の行頭のカーソル･オフセット、BC←現在行の最大文字数
000B03 0B03 78               4      LD  A,B
000B04 0B04 B7               4      OR  A
000B05 0B05 2803            12      JR  Z,$+5
000B07 0B07 01FF00          10      LD  BC,255
000B0A 0B0A 210001          10      LD  HL,BUFFER
                                    ; CALL  INVRM
                                
                                ;   ターミネート処理
                                ; 後ろの00H～20Hの文字は00Hに変換します。
000B0D 0B0D 210002          10      LD  HL,BUFFER+100H
000B10 0B10 010000          10      LD  BC,0    ;B←ループ･カウンタ256，C←ターミネータ00H
000B13 0B13 2B               6  INLLP1: DEC HL
000B14 0B14 7E               7      LD  A,(HL)
000B15 0B15 FE21             7      CP  21H
000B17 0B17 3003            12      JR  NC,INL1ES   ;21H～の文字を発見しました
000B19 0B19 71               7      LD  (HL),C
000B1A 0B1A 10F7            13      DJNZ    INLLP1
       0B1C                     INL1ES:
                                
                                ;   入力バッファに転送します
000B1C 0B1C 210001          10      LD  HL,BUFFER
000B1F 0B1F D1              10      POP DE  ;DE←入力バッファ
000B20 0B20 7E               7  INLLP2: LD  A,(HL)
000B21 0B21 23               6      INC HL
000B22 0B22 12               7      LD  (DE),A
000B23 0B23 13               6      INC DE
000B24 0B24 B7               4      OR  A
000B25 0B25 20F9            12      JR  NZ,INLLP2
                                
000B27 0B27 C33D0B          10      JP  SETPRN
                                
                                
                                ;=======================
                                ;1文字表示ルーチン
                                ;=======================
                                
                                
                                ;^R インサート･モードのオン／オフ
       0B2A                     control_code_INS:
000B2A 0B2A C9              10      RET
                                
                                
                                ;^＠ 何もしません
       0B2B                     control_code_NULL:
000B2B 0B2B C9              10      RET
                                
                                
                                ;^I TAB タブ処理
                                ;〈レジスタ･マップ〉
                                ;HL CSRNX
                                ;D  [_WIDTH]
                                ;E  定数00000111B
                                ;C  現在x負座標
       0B2C                     control_code_TAB:
000B2C 0B2C C9              10      RET
                                
                                ;   最終桁の場合
       0B2D                     CTLTAE:
                                
                                
                                ;^L CLR 画面クリア
                                ;注：フィジカル･ルーチンCLS（AF，HL，DE，BC破壊）を呼び出します。
       0B2D                     control_code_CLS:
                                ;   行連結情報のクリア
                                ;   画面のクリア
000B2D 0B2D CDF40B          17      CALL    CLS
                                ;   JP  control_code_HOME
                                
                                
                                ;^K HOME カーソル･ホーム位置
       0B30                     control_code_HOME:
000B30 0B30 C9              10      RET
                                
                                
                                ;^￥ → カーソル右移動
       0B31                     control_code_Right:
000B31 0B31 C9              10      RET
                                
                                
                                ;^］ ← カーソル左移動
       0B32                     control_code_Left:
000B32 0B32 C9              10      RET
                                
                                
                                ;^＾ ↑ カーソル上移動
       0B33                     control_code_Up:
000B33 0B33 C9              10      RET
                                
                                
                                ;^＿ ↓ カーソル下移動
       0B34                     control_code_Down:
000B34 0B34 C9              10      RET
                                
                                
                                ;^S スクロール･アップします
       0B35                     control_code_ROLL_UP:
000B35 0B35 C9              10      RET
                                
                                ;^T スクロール･ダウンします
       0B36                     control_code_ROLL_DOWN:
000B36 0B36 C9              10      RET
                                
                                ;^C STOP カーソルを次の行の行頭へ（論理改行）
       0B37                     CTLCAN:
000B37 0B37 C9              10      RET
                                
                                ;^M CR カーソルを次の行の行頭へ（物理改行）
       0B38                     CTLCR:
000B38 0B38 C9              10      RET
                                
                                ;^H BS バック･スペース
       0B39                     control_code_BS:
000B39 0B39 C9              10      RET
                                
                                ;7EH DEL デリート･コード
       0B3A                     control_code_DELETEL:
000B3A 0B3A C9              10      RET
                                
                                ;^E カーソル位置から行末までクリア
       0B3B                     CTL05:
000B3B 0B3B C9              10      RET
                                
                                
                                ;^A カーソルを論理行頭へ（－^V）
       0B3C                     CTL01:
000B3C 0B3C C9              10      RET
                                
                                ;---------------
                                ;独自ルーチン
                                ;---------------
                                
                                
                                ;=======================
                                ;表示ルーチン前処理
                                ;=======================
                                
                                
                                ;表示ルーチンを初期飛び先へジャンプするように設定します
                                ;入力   なし
                                ;出力   なし
                                ;破壊   HL
       0B3D                     SETPRN:
000B3D 0B3D C9              10      RET
                                
                                
                                ;=======================
                                ;スクリーン制御補助
                                ;=======================
                                
                                
                                ;論理桁位置を得ます
                                ;入力   x座標、桁数参照
                                ;出力   HL←論理桁位置
                                ;破壊   AF，HL，DE，BC
                                ;〈レジスタ･マップ〉
                                ;E  桁数
                                ;C  現在y座標
                                ;BC ライン･ターミナル･テーブルの先頭＋y座標
                                ;HL 論理桁位置カウンタ
       0B3E                     get_logical_column:
                                    ;テキストVRAMのスタートアドレスがF800Hであり、一行の桁数は80dであるので、
                                    ;論理桁位置は、(y座標×80d)+x座標で求められます。
000B3E 0B3E CDF710          17      CALL CALC_CURSOR_XY ; CURSOR_LOCATEからX,Y座標を計算して、cursor_XY_ADDRに保存する。
000B41 0B41 2A00FF          16      LD  HL,(cursor_XY_ADDR) ; 
000B44 0B44 C9              10      RET
                                
                                ;論理行頭の座標を得ます
                                ;入力   なし
                                ;出力   L←0、H←論理行頭のy座標
                                ;破壊   AF，HL
       0B45                     get_Y_top_of_logical_line:
000B45 0B45 CDF710          17      CALL CALC_CURSOR_XY ; CURSOR_LOCATEからX,Y座標を計算して、cursor_XY_ADDRに保存する。
000B48 0B48 2A02FF          16      LD  HL,(cursor_XY_ADDR+2) ;
000B4B 0B4B C9              10      RET
                                
                                
                                ;次の論理行の座標を得ます
                                ;入力   なし
                                ;出力   L←0、H←論理行頭のy座標
                                ;破壊   AF，HL
       0B4C                     get_Y_next_logical_line:
000B4C 0B4C C9              10      RET
                                
                                
                                ;カーソル座標からオフセット･アドレスを求めます
                                ;入力   L←x座標、H←y座標
                                ;出力   HL←オフセット
                                ;破壊   AF，HL
                                ;注：cursor_offset_for_Y_tableは、y座標→カーソル･オフセット対応表。
       0B4D                     get_offset_from_cursor_XY:
000B4D 0B4D C9              10      RET
                                
                                
                                ;オフセット･アドレスからカーソル座標を求めます
                                ;入力   HL←カーソル･オフセット
                                ;出力   L←x座標,H←y座標
                                ;破壊   AF，HL
       0B4E                     get_cursor_XY_from_offset_address:
000B4E 0B4E C9              10      RET
                                
                                
                                ;カーソルのオフセット計算用テーブルを生成します
                                ;入力   [_WIDTH]参照
                                ;出力   [cursor_offset_for_Y_table～]←オフセット
                                ;破壊   AF，HL，DE，BC
                                ;〈レジスタ･マップ〉
                                ;DE テーブル･アドレス
                                ;BC 定数[_WIDTH]
                                ;HL カーソル･オフセット
                                ;Acc    ループ･カウンタ
       0B4F                     generate_cursor_offset_table:
000B4F 0B4F C9              10      RET
                                
                                
                                ;カーソル制御用ワークの初期化
                                ;入力   [_WIDTH]、[_WIDTH]、[_MXLIN]、[vram_address_of_top]参照
                                ;出力   [CSRADD]、[CSRNXI]、[CSRNYI]、[cursor_offset_last_top_of_line]、[total_number_of_character_display]、[vram_address_of_top_of_last_line]、
                                ;   ライン･ターミナル･テーブル初期化
                                ;破壊   AF，HL，DE，BC
       0B50                     initialize_cursor_control_work_area:
000B50 0B50 C9              10      RET
                                
                                
                                ;-------------------------------
                                ;S-OSルーチン（機種依存）
                                ;-------------------------------
                                
                                
                                ;===============
                                ;I／O入出力
                                ;===============
                                
                                
                                ;#INP（202AH）の本体
                                ; I／Oポートにデータを出力。
                                ;入力   なし
                                ;出力   Acc←データ
                                ;破壊   AF
       0B51                     INP:
000B51 0B51 C5              11      PUSH BC
000B52 0B52 0600             7      LD  B,0
000B54 0B54 ED78            12      IN  A,(C)
000B56 0B56 C1              10      POP BC
000B57 0B57 C9              10      RET
                                
                                
                                ;#OUT（202DH）の本体
                                ; I／Oポートからデータを入力。
                                ;入力   Acc←データ
                                ;出力   なし
                                ;破壊   なし
       0B58                     OUTP:
000B58 0B58 C5              11      PUSH BC
000B59 0B59 0600             7      LD  B,0
000B5B 0B5B ED79            12      OUT (C),A
000B5D 0B5D C1              10      POP BC
000B5E 0B5E C9              10      RET
                                
                                
                                ;=======================
                                ;特殊ワーク（機種依存）
                                ;=======================
                                
                                
                                ;#POKE（1F9AH）の本体
                                ; 特殊ワーク･エリアに1バイト書き込みます。
                                ;入力   HL←アドレス、Acc←データ
                                ;出力   なし
                                ;破壊   なし
                                ;〈旧SWORDとの速度比較〉
                                ;POKE    97ts→ 83ts    1.169倍
                                ;#POKE  107ts→ 93ts    1.151倍
                                ;＋CALL 124ts→110ts    1.127倍
       0B5F                     POKE:
000B5F 0B5F C5              11      PUSH    BC  ;11ts
000B60 0B60 F5              11      PUSH    AF  ;11ts
000B61 0B61 4D               4      LD  C,L ; 4ts
000B62 0B62 3E40             7      LD  A,40H   ; 7ts '特殊ワーク先頭（4000H）
000B64 0B64 84               4      ADD A,H ; 4ts 'CY←0
000B65 0B65 47               4      LD  B,A ; 4ts 'BC←実アドレス
000B66 0B66 F1              10      POP AF  ;10ts
000B67 0B67 ED79            12      OUT (C),A   ;12ts '特殊ワークへの書き込み
000B69 0B69 C1              10      POP BC  ;10ts
000B6A 0B6A C9              10      RET     ;10ts
                                
                                
                                ;#PEEK（1F94H）の本体
                                ; 特殊ワーク･エリアから1バイト読み込みます。
                                ;入力   HL←アドレス
                                ;出力   Acc←データ
                                ;破壊   AF
                                ;〈旧SWORDとの速度比較〉
                                ;POKE   109ts→ 62ts    1.758倍
                                ;#POKE  119ts→ 72ts    1.653倍
                                ;＋CALL 136ts→ 89ts    1.528倍
                                ;注：CYをクリアします。
       0B6B                     PEEK:
000B6B 0B6B C5              11      PUSH    BC  ;11ts
000B6C 0B6C 4D               4      LD  C,L ; 4ts
000B6D 0B6D 3E40             7      LD  A,40H   ; 7ts '特殊ワーク先頭（4000H）
000B6F 0B6F 84               4      ADD A,H ; 4ts 'CY←0
000B70 0B70 47               4      LD  B,A ; 4ts 'BC←実アドレス
000B71 0B71 ED78            12      IN  A,(C)   ;12ts '特殊ワークからの読み込み
000B73 0B73 C1              10      POP BC  ;10ts
000B74 0B74 C9              10      RET     ;10ts
                                
                                
                                ;#poke_entity（1F97H）の本体
                                ; 特殊ワーク･エリアにブロック書き込みします。
                                ;入力   HL←メモリ先頭アドレス、DE←特殊ワーク先頭アドレス、
                                ;   BC←転送バイト数
                                ;出力   なし
                                ;破壊   AF，HL，DE，BC
                                ;〈旧SWORDとの速度比較〉
                                ;ループ  57ts→ 40ts    1.425倍
                                ;注：「WINER」などでCYクリアが必要。
       0B75                     poke_entity:
000B75 0B75 3E40             7      LD  A,40H   ;特殊ワーク先頭（4000H）
000B77 0B77 82               4      ADD A,D ;CY←0
000B78 0B78 57               4      LD  D,A
000B79 0B79 D5              11      PUSH    DE
                                
                                ;   高速ループ･カウンタの設定（BC→AD版）
000B7A 0B7A AF               4      XOR A
000B7B 0B7B B9               4      CP  C   ;下位カウンタ＝0ならCY＝0
000B7C 0B7C 88               4      ADC A,B ;Acc←新上位ループ･カウンタ
000B7D 0B7D 51               4      LD  D,C ;D←下位ループ･カウンタ
                                
000B7E 0B7E C1              10      POP BC  ;BC←実アドレス
                                
000B7F 0B7F 04               4  POKE_LP:    INC B   ; 4ts '先行デクリメントのため
000B80 0B80 EDA3            16      OUTI        ;16ts '特殊ワークへの書き込み
000B82 0B82 03               6      INC BC  ; 6ts
000B83 0B83 15               4      DEC D   ; 4ts
000B84 0B84 C27F0B          10      JP  NZ,POKE_LP  ;10ts
000B87 0B87 3D               4      DEC A
000B88 0B88 20F5            12      JR  NZ,POKE_LP
                                
                                ;   OR  A   ;CY←0
000B8A 0B8A C9              10      RET
                                
                                
                                ;#peek_entity（1F91H）の本体
                                ; 特殊ワーク･エリアからブロック読み込みします。
                                ;入力   HL←メモリ先頭アドレス、DE←特殊ワーク先頭アドレス、
                                ;   BC←転送バイト数
                                ;出力   なし
                                ;破壊   AF，HL，DE，BC
                                ;〈旧SWORDとの速度比較〉
                                ;ループ  57ts→ 40ts    1.425倍
                                ;注：「WINER」などでCYクリアが必要。
       0B8B                     peek_entity:
000B8B 0B8B 3E40             7      LD  A,40H   ;特殊ワーク先頭（4000H）
000B8D 0B8D 82               4      ADD A,D ;CY←0
000B8E 0B8E 57               4      LD  D,A
000B8F 0B8F D5              11      PUSH    DE
                                
                                ;   高速ループ･カウンタの設定（BC→AD版）
000B90 0B90 AF               4      XOR A
000B91 0B91 B9               4      CP  C   ;下位カウンタ＝0ならCY＝0
000B92 0B92 88               4      ADC A,B ;Acc←新上位ループ･カウンタ
000B93 0B93 51               4      LD  D,C ;D←下位ループ･カウンタ
                                
000B94 0B94 C1              10      POP BC  ;BC←実アドレス
                                
000B95 0B95 04               4  PEEK_LP:    INC B   ; 4ts '先行デクリメントのため
000B96 0B96 EDA2            16      INI     ;16ts '特殊ワークからの読み込み
000B98 0B98 03               6      INC BC  ; 6ts
000B99 0B99 15               4      DEC D   ; 4ts
000B9A 0B9A C2950B          10      JP  NZ,peek_lp  ;10ts
000B9D 0B9D 3D               4      DEC A
000B9E 0B9E 20F5            12      JR  NZ,peek_lp
                                
                                ;   OR  A   ;CY←0
000BA0 0BA0 C9              10      RET
                                
                                
                                ;---------------------------------------
                                ;フィジカル･ルーチン（機種依存）
                                ;---------------------------------------
                                
                                
                                ;===============================
                                ;システム･ルーチン（機種依存）
                                ;===============================
                                
                                ;ブートします
                                ;入力   なし
                                ;出力   なし
                                ;破壊   AF，HL，DE，BC
       0BA1                     boot_entity:
000BA1 0BA1 CD4C10          17      CALL    SOSSF       ;仮想ディスク全クローズ
                                
000BA4 0BA4 21D300          10      LD  HL,00D3H    ;「OUT (0),A」
000BA7 0BA7 22FEFF          16      LD  (0FFFEH),HL
000BAA 0BAA 3E1D             7      LD  A,1DH
000BAC 0BAC C3FEFF          10      JP  0FFFEH
                                
                                
                                ;===============================================
                                ;フィジカル･ルーチン･プリンタ関係（機種依存）
                                ;===============================================
                                
                                
                                ;プリンタへ1文字出力します
                                ;入力   Acc←文字
                                ;出力   エラーが起こればCY＝1
                                ;破壊   AF
       0BAF                     lprint_entity:
000BAF 0BAF E5              11      PUSH    HL
000BB0 0BB0 C5              11      PUSH    BC
000BB1 0BB1 6F               4      LD  L,A ;L←文字（保存用）
000BB2 0BB2 67               4      LD  H,A ;H←文字
000BB3 0BB3 01011A          10      LD  BC,1A01H
                                
                                ;   プリンタREADYを待ちます
000BB6 0BB6 ED78            12  lplp_entity:    IN  A,(C)
000BB8 0BB8 0F               4      RRCA
000BB9 0BB9 3017            12      JR  NC,lpbrk_entity ;^C
000BBB 0BBB ED78            12      IN  A,(C)
000BBD 0BBD E608             7      AND 00001000B
000BBF 0BBF 20F5            12      JR  NZ,lplp_entity
                                
000BC1 0BC1 B7               4      OR  A   ;CY←0
                                
                                ;   文字を出力
                                ;注：CYは保存します。
000BC2 0BC2 0D               4  lp1_entity: DEC C   ;BC←1A00H
000BC3 0BC3 ED61            12      OUT (C),H
                                ;   受け取り指示
000BC5 0BC5 0E03             7      LD  C,3 ;BC←1A03H
000BC7 0BC7 3E0E             7      LD  A,00001110B ;b7リセット
000BC9 0BC9 ED79            12      OUT (C),A
000BCB 0BCB 3C               4      INC A   ;b7セット
000BCC 0BCC ED79            12      OUT (C),A
                                
                                ;   終了
000BCE 0BCE 7D               4      LD  A,L ;Acc←文字
000BCF 0BCF C1              10      POP BC
000BD0 0BD0 E1              10      POP HL
000BD1 0BD1 C9              10      RET
                                
                                ;   ^C処理
000BD2 0BD2 260D             7  lpbrk_entity:   LD  H,0DH   ;RET
000BD4 0BD4 37               4      SCF
000BD5 0BD5 18EB            12      JR  lp1_entity
                                
                                
                                ;=======================
                                ;音声（機種依存）
                                ;=======================
                                
                                
                                ;ビープ音を鳴らします
                                ;入力   なし
                                ;出力   なし
                                ;破壊   AF，HL，DE，BC
       0BD7                     bell_entity:
000BD7 0BD7 F3               4      DI
000BD8 0BD8 FB               4      EI
000BD9 0BD9 C9              10      RET
                                
                                ;===============================
                                ;スクリーン関係（機種依存）
                                ;===============================
                                
                                
                                ;カーソル座標を読み出します
                                ;入力   なし
                                ;出力   L←x座標、H←y座標
                                ;破壊   AF，HL，DE，BC
       0BDA                     get_cursor_XY_entity:
000BDA 0BDA ED5BF604        20      LD  DE,(CSRADD) ; CSRADDの値をDEへ
000BDE 0BDE 2AFA04          16      LD  HL,(CSRNX) ; CSRNXの値をHLへ
000BE1 0BE1 19              11      ADD HL,DE
000BE2 0BE2 C9              10      RET
                                
                                ;カーソルを指定座標へ移動します
                                ;入力   L←x座標、H←y座標
                                ;出力   なし
                                ;破壊   AF，HL，DE，BC
       0BE3                     move_cursor_XY_entity:
000BE3 0BE3 ED5BF804        20      LD  DE,(CSRNXI) ;256-桁数 '[CSRNX]の初期値
000BE7 0BE7 19              11      ADD HL,DE
000BE8 0BE8 22FA04          16      LD  (CSRNX),HL ;ｘ座標-[_WIDTH]
000BEB 0BEB C33D0B          10      JP  SETPRN
                                
                                ;指定座標の文字を読み込みます
                                ;入力   L←x座標、H←y座標
                                ;出力   Acc←文字
                                ;破壊   AF，HL，DE，BC
       0BEE                     get_character_XY_entity:
000BEE 0BEE CD4D0B          17      CALL get_offset_from_cursor_XY
000BF1 0BF1 C38E0C          10      JP read_character_offset_address
                                
                                ;画面のクリア
                                ;入力   [screen_width]、[total_number_of_character_display]、[attribute_data]参照
                                ;出力   なし
                                ;破壊   AF，HL，DE，BC
                                ;〈レジスタ･マップ〉
                                ;E  クリア･データ（定数）
                                ;BC 現在アトリビュートVRAMアドレス
                                ;AD 高速ループ･カウンタ
                                ; 画面左上のアドレスはf800hです。
                                ; そこから、ffd0hまでをスペースキャラクタ(アスキーコード20h)で埋めて、画面をクリアするコードを書いて下さい。
                                
       0BF4                     CLS:
000BF4 0BF4 E5              11      PUSH HL
000BF5 0BF5 C5              11      PUSH BC
                                
000BF6 0BF6 2100F0          10      LD HL,0F000H
000BF9 0BF9 010008          10      LD BC,0800H
                                
000BFC 0BFC 0650             7      LD B,050H
000BFE 0BFE 11FFFF          10      LD DE,0FFFFH
000C01 0C01 3E20             7      LD A,20H ; スペースキャラクタ
                                ; CLEAR_ALL_LINE_CLS:
       0C03                     .LOOP
000C03 0C03 D3D2            11      OUT (0D2H),A ; VRAMへアクセスするためのポート
000C05 0C05 77               7      LD (HL),A ; VRAMへ20Hデータを書き込む
000C06 0C06 23               6      INC HL ; 書き込むべきアドレスをインクリメント
000C07 0C07 ED52            15      SBC HL,DE ; HL - DE
                                    ; JR NZ,CLEAR_ALL_LINE_CLS ; 全てのアドレスを書き込むまでループ
000C09 0C09 20F8            12      JR NZ,.LOOP ; 全てのアドレスを書き込むまでループ
                                
000C0B 0C0B 1100F8          10      LD DE, VRAM_TXT_TOP ; 最初の文字列表示位置(左上隅)
000C0E 0C0E ED538E12        20      LD (CURSOR_LOCATE),DE ; カーソル位置を左上隅に設定 F800H
000C12 0C12 ED539012        20      LD (TOP_VIEW),DE
000C16 0C16 11D0FF          10      LD DE, 0FFD0H ; 画面最終文字位置
000C19 0C19 ED539212        20      LD (NEED_DO_SCROLL_POINT),DE ; スクロールポイントを設定
                                
000C1D 0C1D C9              10      RET
                                
                                
                                ;===============================
                                ;1文字表示ルーチン（機種依存）
                                ;===============================
                                
                                
                                ;コントロール･コード制御（PRINTルーチンの一部）
                                ;入力   Acc←コントロール･コード（00H～1FH）
       0C1E                     PRNCTL:
000C1E 0C1E F5              11      PUSH    AF
000C1F 0C1F E5              11      PUSH    HL
000C20 0C20 D5              11      PUSH    DE
000C21 0C21 C5              11      PUSH    BC
000C22 0C22 218003          10      LD  HL,control_code_jump_tabel
000C25 0C25 87               4      ADD A,A ;Acc←コントロール･コード×2
000C26 0C26 85               4      ADD A,L
000C27 0C27 6F               4      LD  L,A ;HL←control_code_jump_tabel＋コントロール･コード×2
000C28 0C28 7E               7      LD  A,(HL)
000C29 0C29 2C               4      INC L
000C2A 0C2A 66               7      LD  H,(HL)
000C2B 0C2B 6F               4      LD  L,A ;HL←[control_code_jump_tabel＋コントロール･コード×2]
                                
000C2C 0C2C 11310C          10      LD  DE,PRCRET
000C2F 0C2F D5              11      PUSH    DE  ;リータン･アドレスの設定
000C30 0C30 E9               4      JP  (HL)    ;「CALL コントロール制御」相当
000C31 0C31 CD3D0B          17  PRCRET: CALL    SETPRN
000C34 0C34 C1              10      POP BC
000C35 0C35 D1              10      POP DE
000C36 0C36 E1              10      POP HL
000C37 0C37 F1              10      POP AF
000C38 0C38 B7               4      OR  A   ;CY←0
000C39 0C39 C9              10      RET
                                
                                ;1文字プリント前処理
000C3A 0C3A E5              11  PREPR:  PUSH    HL
000C3B 0C3B E1              10      POP HL
                                
                                ;#PRINT（1FF4H）本体
                                ; 1文字プリント･ルーチン。
                                ;入力   Acc←文字
                                ;出力   なし
                                ;破壊   F
                                ;注：
                                ; [#LPSW]がオンならプリンタにも出力します。
                                ; インサート･モードと論理改行は、1行入力ルーチンで制御します。
                                ; CYフラグをクリアします。
                                ;〈実行時間〉
                                ;PRINT  149ts（37.250μs）
                                ;#PRINT 159ts（39.750μs）
                                ;＋CALL 176ts（44.000μs）
       0C3C                     PRINT:
000C3C 0C3C F5              11      PUSH AF
000C3D 0C3D E5              11      PUSH HL
000C3E 0C3E D5              11      PUSH DE
000C3F 0C3F C5              11      PUSH BC
                                
000C40 0C40 CD9A10          17      CALL PUTCHAR
                                
                                    ; Aレジスタに格納された値がCR（0DH）かどうかをチェック
000C43 0C43 FE0D             7      CP  CR
000C45 0C45 2805            12      JR  Z,ADD_LF; CRならLFの処理もする。SOSはCRをCR+LFとして扱うため。
                                
       0C47                     PRINT_END:
                                
000C47 0C47 C1              10      POP BC
000C48 0C48 D1              10      POP DE
000C49 0C49 E1              10      POP HL
000C4A 0C4A F1              10      POP AF
                                
                                    ; PUSH HL
                                    ; PUSH BC
                                    ; PUSH DE
                                    ; LD    HL,CSRNX ;10t
                                    ; INC (HL) ;4ts 
                                    ; POP   BC
                                    ; POP   DE
                                    ; POP   HL
                                
000C4B 0C4B C9              10      RET ; 
                                
       0C4C                     ADD_LF:
000C4C 0C4C F5              11      PUSH AF
000C4D 0C4D E5              11      PUSH HL
000C4E 0C4E D5              11      PUSH DE
000C4F 0C4F C5              11      PUSH BC
000C50 0C50 3E0A             7      LD A, LF; LFのASCIIコード
000C52 0C52 CD9A10          17      CALL PUTCHAR
000C55 0C55 C1              10      POP BC
000C56 0C56 D1              10      POP DE
000C57 0C57 E1              10      POP HL
000C58 0C58 F1              10      POP AF
000C59 0C59 18EC            12      JR  PRINT_END
                                
                                ;===============================
                                ;文字列表示ルーチン（機種依存）
                                ;===============================
                                
                                ;文字のブロック表示（非コントロール･コードのみ表示します）
                                ;入力   DE←文字列の先頭アドレス
                                ;出力   DE←次の文字の位置
                                ;破壊   AF，HL，DE，BC
                                ;〈レジスタ･マップ〉
                                ;SP 現在文字列のアドレス
                                ;E  文字読み込み1
                                ;D  文字読み込み2
                                ;BC 現在テキストVRAMアドレス
                                ;HL 現在文字変換テーブルのアドレス
                                ;IXL    ループ･カウンタ
                                ;IXH    定数桁数÷2（ループ用）
                                ;Acc    定数20H－1（コントロール･コード･チェック用）
                                ;注：
                                ; プリンタには出力しません。
                                ; インサート･モードと論理改行は、1行入力ルーチンで制御します。
                                ; [number_of_character_after_CR]は無視します。
                                ; 桁数は、必ず偶数であること。
                                ;〈実行時間〉
                                ;最内ループ53ts（13.250μs）
       0C5B                     BPRNT0:
                                ;   PUSH    IX
                                ; ; 共通の設定
                                ;   LD  A,(_WIDTH)
                                ;   SRL A
                                ;   DB  0DDH
                                ;   LD  H,A ;「LD IXH,A」 'IXH←桁数÷2 '定数
                                ;   LD  BC,(TXTADR) ;BC←現在テキストVRAMアドレス
                                ;   LD  (BPRRSP),SP
                                ; ; 最初の行の設定
                                ;   LD  A,(CSRNX)
                                ;   CPL
                                ;   ADD A,2 ;Acc←現在行の残り文字数＋1，CY←0
                                ;   RRA     ;Acc←現在行の残り文字数÷2切り上げ，CY←端数の反転
                                ;   DB  0DDH
                                ;   LD  L,A ;「LD IXL,A」 'IXL←初期ループ･カウンタ
                                ;   EX  DE,HL
                                ;   DI
                                ;   LD  SP,HL   ;SP←文字列の先頭
                                ;   LD  H,LSXTBL/100H   ;HL←文字変換テーブルのアドレス
                                ;   LD  A,20H-1 ;コントロール･コード･チェック用
                                ;   JR  C,BPRL12
                                ; ; 端数処理
                                ;   DEC SP
                                ;   POP DE  ;D←最初の文字
                                ;   JR  BPRL1J
                                
                                ; BPRL11:
                                ;   DB  0DDH
                                ;   LD  L,H ;「LD IXL,IXH」 'IXL←ループ･カウンタ（桁数÷2）
                                ;   LD  H,LSXTBL/100H   ;HL←文字変換テーブルのアドレス
                                ;   LD  A,20H-1 ;コントロール･コード･チェック用
                                
                                ; ; 1ループ106ts（53ts×2）
                                ; BPRL12:
                                ;   POP DE  ;10ts
                                ;   CP  E   ; 4ts
                                ;   JR  NC,BPRRE1   ; 7ts 'コントロール･コードがきました
                                ;   LD  L,E ; 4ts
                                ;   LD  E,(HL)  ; 7ts
                                ;   OUT (C),E   ;12ts
                                ;   INC C   ; 4ts
                                ; BPRL1J:
                                ;   CP  D   ; 4ts
                                ;   JR  NC,BPRRE2   ; 7ts 'コントロール･コードがきました
                                ;   LD  L,D ; 4ts
                                ;   LD  D,(HL)  ; 7ts
                                ;   OUT (C),D   ;12ts
                                ;   INC BC  ; 6ts
                                ;   DB  0DDH
                                ;   DEC L   ; 8ts
                                ;   JP  NZ,BPRL12   ;10ts
                                
                                ;   LD  HL,CSRNX
                                ;   LD  A,(CSRNXI)
                                ;   LD  (HL),A  ;カーソルを行頭へ
                                ;   INC L   ;HL←CSRNY
                                ;   LD  A,(_MXLIN)
                                ;   ADD A,(HL)  ;Acc←y座標 '（y座標－行数）＋行数
                                ;   LD  L,A
                                ;   LD  H,LINTTB/100H   ;HL←対応するターミナル･テーブルのアドレス
                                ;   LD  (HL),0FFH   ;行を連結します
                                ;   LD  HL,CSRNY
                                ;   INC (HL)    ;[CSRNY]のカウント･アップ
                                ;   JR  NZ,BPRL11
                                
                                ; ; 最終行の場合
                                ;   LD  (HL),0FFH   ;最終行
                                ;   LD  (BPRLSP),SP
                                ;   EI
                                ;   LD  SP,(BPRRSP)
                                ;   CALL    control_code_ROLL_UP
                                ;   LD  BC,(vram_address_of_top_of_last_line)   ;BC←最終行先頭のVRAMアドレス
                                ;   DI
                                ;   DB  31H ;「LD SP,n」
                                ; BPRLSP:
                                ;   DS  2
                                ;   JR  BPRL11
                                
                                ; ; コントロール･コードがきた場合（偶数）
                                ; BPRRE1:
                                ;   XOR A
                                ;   DB  0DDH
                                ;   SUB L   ;「SUB IXL」
                                ;   DB  0DDH
                                ;   SUB L   ;「SUB IXL」 'Acc←x座標－桁数
                                ;   LD  HL,-2
                                ;   JR  BPRRET
                                ; ; コントロール･コードがきた場合（端数）
                                ; BPRRE2:
                                ;   LD  A,1
                                ;   DB  0DDH
                                ;   SUB L   ;「SUB IXL」
                                ;   DB  0DDH
                                ;   SUB L   ;「SUB IXL」 'Acc←x座標－桁数
                                ;   LD  HL,-1
                                ; BPRRET:
                                ;   LD  (TXTADR),BC ;[TXTADR]の更新
                                ;   LD  (CSRNX),A   ;[CSRNX]を更新
                                ;   ADD HL,SP
                                ;   OR  A   ;CY←0
                                ;   EX  DE,HL   ;DE←コントロール･コードのアドレス
                                ;   EI
                                ;   DB  31H ;「LD SP,」
                                ; BPRRSP:
                                ;   DS  2
                                ;   POP IX
000C5B 0C5B C9              10      RET
                                
                                
                                ;===============================
                                ;キー入力関係（機種依存）
                                ;===============================
                                
                                
                                ;1文字入力ルーチン（入力待ちあり、エコー･バックなし、カーソル表示なし）
                                ;入力   なし
                                ;出力   Acc←アスキー･コード
                                ;破壊   AF，HL，DE，BC
                                ;注：DEL（7FH）コードは、^D（04H）に変換します。
       0C5C                     INKEY_entity:
                                
                                ;   キー入力バッファに文字が溜るまで待ちます
       0C5C                     INKLP_entity:
000C5C 0C5C FB               4      EI
                                    ; CALL  INJOY
000C5D 0C5D B7               4      OR  A
000C5E 0C5E C0              11      RET NZ
000C5F 0C5F FB               4      EI      ;念のため
000C60 0C60 3A7F03          13      LD  A,(pointer_for_write_key_buffer)
000C63 0C63 B7               4      OR  A
000C64 0C64 28F6            12      JR  Z,INKLP_entity
                                
                                ;   文字入力バッファから1文字取り出します
000C66 0C66 217F03          10      LD  HL,pointer_for_write_key_buffer
000C69 0C69 F3               4      DI
000C6A 0C6A 7E               7      LD  A,(HL)
000C6B 0C6B B7               4      OR  A   ;念のためもう1度チェック
000C6C 0C6C 28EE            12      JR  Z,INKLP_entity
000C6E 0C6E 35              11      DEC (HL)    ;[pointer_for_write_key_buffer]をデクリメントします
000C6F 0C6F 4E               7      LD  C,(HL)
000C70 0C70 0600             7      LD  B,0 ;BC←バッファに溜った文字数－1（0～254）
000C72 0C72 58               4      LD  E,B
000C73 0C73 54               4      LD  D,H ;DE←input_key_buffer
000C74 0C74 2E01             7      LD  L,1 ;HL←input_key_buffer+1
000C76 0C76 1A               7      LD  A,(DE)  ;Acc←入力文字
000C77 0C77 2802            12      JR  Z,INKRT
000C79 0C79 EDB0                    LDIR
       0C7B                     INKRT:
000C7B 0C7B FB               4      EI
000C7C 0C7C C9              10      RET
                                
                                
                                ;リアル･タイム･キー入力（入力待ちなし、エコー･バックなし、カーソル表示なし）
                                ;入力   なし
                                ;出力   Acc←アスキー･コード
                                ;破壊   AF，HL，DE，BC
                                ;注：ジョイスティック対応。
       0C7D                     real_time_input_key_entity:
000C7D 0C7D B7               4      OR  A
000C7E 0C7E C0              11      RET NZ
                                
000C7F 0C7F F3               4      DI
000C80 0C80 CD880C          17      CALL    clear_key_buffer
000C83 0C83 FB               4      EI
000C84 0C84 3A0405          13      LD  A,(real_time_key)
000C87 0C87 C9              10      RET
                                
                                
                                ;キー入力バッファをクリアします
                                ;入力   なし
                                ;出力   なし
                                ;破壊   AF，HL，DE，BC
                                ;注：割り込み禁止して実行してください。
       0C88                     clear_key_buffer:
000C88 0C88 AF               4      XOR A
000C89 0C89 327F03          13      LD  (pointer_for_write_key_buffer),A    ;キー入力バッファをクリアします
000C8C 0C8C C9              10      RET
                                
                                
                                
                                ;===============================
                                ;スクリーン制御補助（機種依存）
                                ;===============================
                                
                                
                                ;指定オフセット･アドレスに文字を書き込みます
                                ;入力   HL←オフセット･アドレス、Acc←文字
                                ;出力   なし
                                ;破壊   AF，HL，DE，BC
       0C8D                     write_character_offset_address:
000C8D 0C8D C9              10      RET
                                
                                
                                ;指定カーソル･オフセットの文字を読み込みます
                                ;入力   HL←カーソル･オフセット
                                ;出力   Acc←文字
                                ;破壊   AF，HL，DE，BC
       0C8E                     read_character_offset_address:
000C8E 0C8E C9              10      RET
                                
                                
                                ;カーソルを表示します
                                ;入力   [insert_mode_flag]参照
                                ;出力   [locate_of_cursor_overlap_character]←カーソル位置の文字
                                ;破壊   AF，HL，DE，BC
       0C8F                     display_cursor:
000C8F 0C8F CDDA0B          17      CALL    get_cursor_XY_entity
000C92 0C92 CD4D0B          17      CALL    get_offset_from_cursor_XY
000C95 0C95 4D               4      LD  C,L
000C96 0C96 3E20             7      LD  A,20H   ;アトリビュートVRAM先頭（2000H）
000C98 0C98 84               4      ADD A,H
000C99 0C99 47               4      LD  B,A ;BC←アトリビュートVRAMアドレス
000C9A 0C9A ED78            12      IN  A,(C)
000C9C 0C9C EE08             7      XOR 00001000B   ;b3を反転
000C9E 0C9E 6F               4      LD  L,A
000C9F 0C9F 3AFF04          13      LD  A,(insert_mode_flag)
000CA2 0CA2 E610             7      AND 00010000B   ;b4
000CA4 0CA4 AD               4      XOR L   ;[insert_mode_flag]＝FFHなら、ブリンク
000CA5 0CA5 ED79            12      OUT (C),A
000CA7 0CA7 C9              10      RET
                                
                                
                                ;カーソルを消去します
                                ;入力   [locate_of_cursor_overlap_character]、[insert_mode_flag]参照
                                ;出力   なし
                                ;破壊   AF，HL，DE，BC
       0CA8                     erase_cursor:
000CA8 0CA8 CDDA0B          17      CALL    get_cursor_XY_entity
000CAB 0CAB CD4D0B          17      CALL    get_offset_from_cursor_XY
000CAE 0CAE 4D               4      LD  C,L
000CAF 0CAF 3E20             7      LD  A,20H   ;アトリビュートVRAM先頭（2000H）
000CB1 0CB1 84               4      ADD A,H
000CB2 0CB2 47               4      LD  B,A ;BC←アトリビュートVRAMアドレス
000CB3 0CB3 ED78            12      IN  A,(C)
000CB5 0CB5 EE08             7      XOR 00001000B   ;b3を反転
000CB7 0CB7 E6EF             7      AND 11101111B   ;b4をクリア
000CB9 0CB9 ED79            12      OUT (C),A
000CBB 0CBB C9              10      RET
                                
                                
                                ;表示色を変更します
                                ;入力   [foreground_color]、[background_color]、[BDR_color]参照
                                ;出力   [attribute_data]←アトリビュート･データ
                                ;破壊   AF，HL，DE，BC
       0CBC                     change_color:
000CBC 0CBC 3A0005          13      LD  A,(foreground_color)
000CBF 0CBF CDDE0C          17      CALL    CCLSUB
000CC2 0CC2 6F               4      LD  L,A ;L←前景色
000CC3 0CC3 3A0105          13      LD  A,(background_color)
000CC6 0CC6 CDDE0C          17      CALL    CCLSUB
000CC9 0CC9 67               4      LD  H,A ;H←後景色
000CCA 0CCA B7               4      OR  A
000CCB 0CCB 2805            12      JR  Z,CCLBK0    ;背景色が0の場合
000CCD 0CCD 7C               4      LD  A,H
000CCE 0CCE FE07             7      CP  7
000CD0 0CD0 2805            12      JR  Z,CCLBK7    ;反転色指定
                                
                                ;   後景色が0の場合
000CD2 0CD2 7D               4  CCLBK0: LD  A,L
000CD3 0CD3 320305          13  CCLRET: LD  (attribute_data),A
000CD6 0CD6 C9              10      RET
                                
                                ;   反転で、色を指定します
000CD7 0CD7 7D               4  CCLBK7: LD  A,L
000CD8 0CD8 EE07             7      XOR 111B
000CDA 0CDA F608             7      OR  1000B   ;色反転
000CDC 0CDC 18F5            12      JR  CCLRET
                                
                                ;色コードを0～7に圧縮します
                                ;入力   Acc←色コード
                                ;出力   Acc←色コード（0～7）
                                ;破壊   AF
000CDE 0CDE FE08             7  CCLSUB: CP  8
000CE0 0CE0 D8              11      RET C
000CE1 0CE1 3E07             7      LD  A,7
000CE3 0CE3 C9              10      RET
                                
                                
                                ;===============================
                                ;スクリーン制御転送（機種依存）
                                ;===============================
                                
                                
                                
                                
                                ;===============================
                                ;特殊ルーチン（機種依存）
                                ;===============================
                                
                                
                                ;60分の1秒単位で時間待ちします
                                ;入力   Acc←カウンタ
                                ;出力   なし
                                ;破壊   AF
                                ;注：割り込み禁止して実行してください。
       0CE4                     WAIT60:
000CE4 0CE4 C5              11      PUSH    BC
000CE5 0CE5 47               4      LD  B,A
                                
       0CE6                     W60LP:
000CE6 0CE6 CDED0C          17      CALL    VBLANK
000CE9 0CE9 10FB            13      DJNZ    W60LP
                                
000CEB 0CEB C1              10      POP BC
000CEC 0CEC C9              10      RET
                                
                                
                                ;垂直帰線信号の立ち下がりを待ちます
                                ;入力   なし
                                ;出力   なし
                                ;破壊   AF
                                ;注：割り込み禁止して実行してください。
       0CED                     VBLANK:
                                ; 垂直帰線信号が無効になる場合があるので、CPU実行速度依存に書き直します。
                                ; 1／60秒、66,667ステートの15／16、62,500ステート待ちます。
000CED 0CED C5              11      PUSH    BC  ;11ts
000CEE 0CEE 016209          10      LD  BC,2402 ;10ts
                                
                                ;   1ループ26ts
000CF1 0CF1 0B               6  VBLLP:  DEC BC  ; 6ts
000CF2 0CF2 79               4      LD  A,C ; 4ts
000CF3 0CF3 B0               4      OR  B   ; 4ts
000CF4 0CF4 20FB            12      JR  NZ,VBLLP    ;12ts
                                
000CF6 0CF6 C1              10      POP BC  ;10ts
000CF7 0CF7 C9              10      RET     ;10ts
                                
                                
                                ;-----------------------
                                ;機種固有ルーチン
                                ;-----------------------
                                
                                
                                ;===============================
                                ;スクリーン制御補助（機種固有）
                                ;===============================
                                
                                
                                ;カーソルのテキストVRAMアドレスを求めます
                                ;入力   L←x座標、H←y座標
                                ;出力   BC←テキストVRAMアドレス
                                ;破壊   AF，HL，BC
       0CF8                     get_vram_address_from_cursor_XY:
000CF8 0CF8 CD4D0B          17      CALL    get_offset_from_cursor_XY
000CFB 0CFB 4D               4      LD  C,L
000CFC 0CFC 3E30             7      LD  A,30H   ;テキストVRAM先頭（3000H）
000CFE 0CFE 84               4      ADD A,H
000CFF 0CFF 47               4      LD  B,A ;BC←テキストVRAMアドレス
000D00 0D00 C9              10      RET
                                
                                
                                ;=======================
                                ;CRTC（機種固有）
                                ;=======================
                                
                                
                                ;CRTCのレジスタにデータを書き込みます
                                ;入力   D←レジスタ番号、Acc←値
                                ;出力   Dはカウント･アップされます
                                ;破壊   AF，D
                                ;注：割り込み禁止して実行してください。
       0D01                     write_data_to_CRTC:
000D01 0D01 C5              11      PUSH    BC
000D02 0D02 010018          10      LD  BC,1800H
000D05 0D05 ED51            12      OUT (C),D   ;レジスタ
000D07 0D07 14               4      INC D
000D08 0D08 0C               4      INC C   ;BC←1801H
000D09 0D09 ED79            12      OUT (C),A   ;データ
000D0B 0D0B C1              10      POP BC
000D0C 0D0C C9              10      RET
                                
                                
                                
                                ;---------------
                                ;汎用ルーチン
                                ;---------------
                                
                                
                                ;文字列から文字を取り出します（スペースはスキップ）
                                ;入力   DE←文字列の先頭アドレス
                                ;出力   Acc←文字
                                ;   DEはカウント･アップ
                                ;破壊   AF，DE
                                ;注：小文字を大文字に変換します。
       0D0D                     get_character_from_line:
000D0D 0D0D CD180D          17      CALL    SPSKIP
000D10 0D10 1A               7      LD  A,(DE)
000D11 0D11 B7               4      OR  A
000D12 0D12 C8              11      RET Z   ;文字列の終わりの達した
000D13 0D13 13               6      INC DE
000D14 0D14 C3220D          10      JP  convert_lower_case_to_upper_case
                                
                                
                                ;文字列のスペース･キャラをスキップします
                                ;入力   DE←文字列の先頭アドレス
                                ;出力   DE←カウント･アップ
                                ;破壊   AF，DE
       0D17                     SPSLP:
000D17 0D17 13               6      INC DE
                                
       0D18                     SPSKIP:
000D18 0D18 1A               7      LD  A,(DE)
000D19 0D19 FE20             7      CP  ' '
000D1B 0D1B 28FA            12      JR  Z,SPSLP
000D1D 0D1D FE09             7      CP  09H ;TAB
000D1F 0D1F 28F6            12      JR  Z,SPSLP
                                
000D21 0D21 C9              10      RET
                                
                                
                                ;小文字を大文字に変換します
                                ;入力   Acc←アスキー･コード
                                ;出力   Acc←変換したアスキー･コード
                                ;破壊   AF
       0D22                     convert_lower_case_to_upper_case:
000D22 0D22 FE61             7      CP  'a'
000D24 0D24 D8              11      RET C
000D25 0D25 FE7B             7      CP  'z'+1
000D27 0D27 D0              11      RET NC
000D28 0D28 D620             7      SUB 20H
000D2A 0D2A C9              10      RET
                                
                                
                                ;convert_decimal_character_to_number V1.00  Copyright (C) T.Chikushi  1994-06-18
                                ;10進文字を数値に変換します
                                ;入力   Acc←文字
                                ;出力   AL←数値、CY←変換状態
                                ;CF=0   AL←数値（0～9）
                                ;CF=1   10進文字ではなかった（ALは、呼び出し前の値）
                                ;破壊   AF
       0D2B                     convert_decimal_character_to_number:
000D2B 0D2B FE30             7      CP  '0'
000D2D 0D2D D8              11      RET C
000D2E 0D2E FE3A             7      CP  '9'+1
000D30 0D30 3F               4      CCF
000D31 0D31 D8              11      RET C
                                ;   「0」～「9」
000D32 0D32 D630             7      SUB '0' ;Acc←0～9，CY←0
000D34 0D34 C9              10      RET
                                
                                
                                ;Copyright (C) T.Chikushi  1991-01-04
                                ;HL÷Acc→商HL...余りAcc
                                ;入力   HL←被除数、Acc←除数
                                ;出力   HL←商、Acc←余り
                                ;破壊   AF，HL，DE，BC
       0D35                     DIV68:
000D35 0D35 C5              11      PUSH    BC
000D36 0D36 4F               4      LD  C,A ;C←除数
000D37 0D37 AF               4      XOR A
000D38 0D38 0610             7      LD  B,16
                                
000D3A 0D3A 29              11  DIV68L: ADD HL,HL
000D3B 0D3B 17               4      RLA
000D3C 0D3C B9               4      CP  C
000D3D 0D3D 3802            12      JR  C,DIV681
000D3F 0D3F 91               4      SUB C
000D40 0D40 2C               4      INC L
000D41 0D41 10F7            13  DIV681: DJNZ    DIV68L
                                
000D43 0D43 C1              10      POP BC
000D44 0D44 C9              10      RET
                                
                                
                                ;Copyright (C) T.Chikushi  1990
                                ;DEHL÷BC→商DEHL...余りBC
                                ;入力   DEHL←被除数、BC←除数
                                ;出力   DEHL←商、BC←余り
                                ;破壊   インデックス･レジスタ以外
                                ;   min 3,452ts max 3,600ts s1
       0D45                     DIV26:
000D45 0D45 C5              11      PUSH    BC
000D46 0D46 D9               4      EXX
000D47 0D47 C1              10      POP BC  ;BC'←除数
000D48 0D48 210000          10      LD  HL,0    ;HL'←0
000D4B 0D4B D9               4      EXX
000D4C 0D4C 0620             7      LD  B,32
000D4E 0D4E 29              11  DIV26L: ADD HL,HL
000D4F 0D4F EB               4      EX  DE,HL
000D50 0D50 ED6A            15      ADC HL,HL
000D52 0D52 EB               4      EX  DE,HL
000D53 0D53 D9               4      EXX
000D54 0D54 ED6A            15      ADC HL,HL   ;HL'DEHLを左シフト
000D56 0D56 380D            12      JR  C,DIV262    ;必ず引けます
000D58 0D58 ED42            15      SBC HL,BC   ;HL←HL－BC
000D5A 0D5A 300C            12      JR  NC,DIV263   ;引けた
000D5C 0D5C 09              11      ADD HL,BC   ;引けない場合はHL'を元に戻します
000D5D 0D5D D9               4      EXX
000D5E 0D5E 10EE            13      DJNZ    DIV26L
000D60 0D60 D9               4  DIV261: EXX
000D61 0D61 E5              11      PUSH    HL
000D62 0D62 D9               4      EXX
000D63 0D63 C1              10      POP BC
000D64 0D64 C9              10      RET
                                ;   必ず引ける場合
000D65 0D65 B7               4  DIV262: OR  A
000D66 0D66 ED42            15      SBC HL,BC
                                ;   引けた場合
000D68 0D68 D9               4  DIV263: EXX
000D69 0D69 2C               4      INC L   ;INC HL'DEHL
000D6A 0D6A 10E2            13      DJNZ    DIV26L
000D6C 0D6C 18F2            12      JR  DIV261
                                
                                
                                ;-----------------------
                                ;割り込みルーチン
                                ;-----------------------
                                
                                
                                ; 省メモリのため、テーブル･エリアに移動しました。
                                
                                
                                ;-----------------------
                                ;オリジナル･モニタ
                                ;-----------------------
                                
                                
                                ;#MON（1F8EH）の本体
                                ;CY＝0でリターンします（ディスク･モジュールのため）
       0D6E                     MON:
000D6E 0D6E ED734810        20      LD  (monitor_reserve_stack_pointer),SP
000D72 0D72 2A6A1F          16      LD  HL,(_MEMAX)
000D75 0D75 110030          10      LD  DE,3000H
000D78 0D78 B7               4      OR  A
000D79 0D79 ED52            15      SBC HL,DE
000D7B 0D7B 224A10          16      LD  (monitor_size_of_user_area),HL  ;ユーザー･エリアのサイズ
                                
                                ;   コマンド待ちループ
       0D7E                     monitor_command_waiting_loop:
000D7E 0D7E 310001          10      LD  SP,0100H    ;オリジナル･モニタのスタック･トップ
000D81 0D81 3E2A             7      LD  A,'*'
000D83 0D83 CDF41F          17      CALL    _PRINT
000D86 0D86 ED5B761F        20      LD  DE,(_KBFAD)
000D8A 0D8A CDD31F          17      CALL    _GETL
000D8D 0D8D CD0D0D          17      CALL    get_character_from_line
                                
                                ; コマンドを解析して、それぞれの処理ルーチンへ。
                                ;出力   DE←次の文字のアドレス
       0D90                     MON2:
000D90 0D90 FE3A             7      CP  ':'
000D92 0D92 CA670F          10      JP  Z,monitor_memory_edit   ;メモリ･エディト
000D95 0D95 FE2A             7      CP  '*'
000D97 0D97 CC0D0D          17      CALL Z,get_character_from_line
000D9A 0D9A FE52             7      CP  'R'
000D9C 0D9C CAC20D          10      JP  Z,terminate_monitor ;モニタを終えます
000D9F 0D9F FE23             7      CP  '#'
000DA1 0DA1 CA6F0E          10      JP  Z,monitor_dump_memory   ;ダンプ
000DA4 0DA4 FE46             7      CP  'F'
000DA6 0DA6 CADB0D          10      JP  Z,monitor_search_data   ;サーチ
000DA9 0DA9 FE41             7      CP  'A'
000DAB 0DAB CAC80D          10      JP  Z,monitor_go_command        ;ジャンプ
000DAE 0DAE FE49             7      CP  'I'
000DB0 0DB0 CABD0F          10      JP  Z,monitor_initialize_disk   ;ディスク初期化
000DB3 0DB3 FE4D             7      CP  'M'
000DB5 0DB5 CA380F          10      JP  Z,monitor_set_data_to_memory    ;メモリ･セット
000DB8 0DB8                         DS  4,00H   ;ダミー
000DBC 0DBC CDC41F          17      CALL _BELL
000DBF 0DBF C37E0D          10      JP  monitor_command_waiting_loop
                                
                                ;オリジナル･モニタを終えます
       0DC2                     terminate_monitor:
000DC2 0DC2 AF               4      XOR A   ;CY←0（Acc←0）
000DC3 0DC3 ED7B4810        20      LD  SP,(monitor_reserve_stack_pointer)
000DC7 0DC7 C9              10      RET
                                
                                
                                ;オリジナル･モニタ サブルーチン･コール
       0DC8                     monitor_go_command:
000DC8 0DC8 CD180D          17      CALL SPSKIP
000DCB 0DCB CDB21F          17      CALL _HLHEX
000DCE 0DCE 3805            12      JR  C,monitor_go_commandE
000DD0 0DD0 017E0D          10      LD  BC,monitor_command_waiting_loop
000DD3 0DD3 C5              11      PUSH    BC  ;スタック←monitor_command_waiting_loop
000DD4 0DD4 E9               4      JP  (HL)
                                
       0DD5                     monitor_go_commandE:
000DD5 0DD5 CDC41F          17      CALL _BELL
000DD8 0DD8 C37E0D          10      JP  monitor_command_waiting_loop
                                
                                
                                ;オリジナル･モニタ サーチ･ルーチン
                                ;〈使用法〉
                                ;「F 先頭アドレス 最終アドレス データ…」
                                ;〈サーチするデータ列〉
                                ;keyboard_buffer～
       0DDB                     monitor_search_data:
                                ;   アドレス情報を取り出します
000DDB 0DDB CD180D          17      CALL SPSKIP
000DDE 0DDE CDB21F          17      CALL _HLHEX
000DE1 0DE1 385C            12      JR  C,MONFIE
000DE3 0DE3 22680E          16      LD  (MONFTP),HL ;先頭アドレス
000DE6 0DE6 CD180D          17      CALL SPSKIP
000DE9 0DE9 CDB21F          17      CALL _HLHEX
000DEC 0DEC 3851            12      JR  C,MONFIE
000DEE 0DEE 23               6      INC HL
000DEF 0DEF 226A0E          16      LD  (MONFEN),HL ;最終アドレス＋1
                                
                                ;   データの取り出します
000DF2 0DF2 210002          10      LD  HL,keyboard_buffer  ;データ列の先頭
                                
       0DF5                     MONFL1:
000DF5 0DF5 CD180D          17      CALL SPSKIP
000DF8 0DF8 CDB51F          17      CALL _2HEX
000DFB 0DFB 3804            12      JR  C,MNFL1E
000DFD 0DFD 77               7      LD  (HL),A  ;←データ
000DFE 0DFE 2C               4      INC L   ;現在アドレス＆現在データ数
000DFF 0DFF 18F4            12      JR  MONFL1
                                
000E01 0E01 7D               4  MNFL1E: LD  A,L
000E02 0E02 B7               4      OR  A
000E03 0E03 283A            12      JR  Z,MONFIE    ;データがなかった
000E05 0E05 326E0E          13      LD  (MONFCT),A  ;データ数（1～）
000E08 0E08 2A6A0E          16      LD  HL,(MONFEN)
000E0B 0E0B ED5B680E        20      LD  DE,(MONFTP)
                                ;   OR  A
000E0F 0E0F ED52            15      SBC HL,DE
000E11 0E11 2B               6      DEC HL  ;HL←サイズ－1 '0～65,535
000E12 0E12 5F               4      LD  E,A
000E13 0E13 1600             7      LD  D,0
000E15 0E15 1B               6      DEC DE  ;DE←データ数－1 '0～
000E16 0E16 B7               4      OR  A
000E17 0E17 ED52            15      SBC HL,DE   ;HL←サイズ－データ数
000E19 0E19 3824            12      JR  C,MONFIE
000E1B 0E1B 23               6      INC HL
000E1C 0E1C 226C0E          16      LD  (MONFSZ),HL ;検索カウンタ（1～）
                                
                                ;   検索します
000E1F 0E1F 2A680E          16      LD  HL,(MONFTP) ;先頭アドレス
000E22 0E22 ED4B6C0E        20      LD  BC,(MONFSZ) ;検索カウンタ
000E26 0E26 3A0002          13      LD  A,(keyboard_buffer) ;最初の検索バイト
                                
000E29 0E29 EDB1                MONFL2: CPIR
000E2B 0E2B F5              11      PUSH    AF
000E2C 0E2C E5              11      PUSH    HL
000E2D 0E2D C5              11      PUSH    BC
000E2E 0E2E CC440E          17      CALL    Z,MONFSB    ;最初のバイトが一致しました
000E31 0E31 C1              10      POP BC
000E32 0E32 E1              10      POP HL
000E33 0E33 F1              10      POP AF
000E34 0E34 EA290E          10      JP  PE,MONFL2
                                
       0E37                     MONFES:
000E37 0E37 3E0D             7      LD  A,0DH
000E39 0E39 CDF41F          17      CALL    _PRINT
       0E3C                     MONFRT:
000E3C 0E3C C37E0D          10      JP  monitor_command_waiting_loop
                                
       0E3F                     MONFIE:
000E3F 0E3F CDC41F          17      CALL    _BELL
000E42 0E42 18F8            12      JR  MONFRT
                                
                                
                                ;最初のバイト以降を比較し、一致すれば、そのアドレスを表示します
                                ;入力   HL←最初のバイトが一致した次のアドレス
                                ;出力   なし
                                ;破壊   全レジスタ
       0E44                     MONFSB:
000E44 0E44 E5              11      PUSH    HL  ;スタック←比較されるアドレス＋1
000E45 0E45 110102          10      LD  DE,keyboard_buffer+1    ;データ列先頭＋1
000E48 0E48 3A6E0E          13      LD  A,(MONFCT)
000E4B 0E4B 47               4      LD  B,A
000E4C 0E4C 05               4      DEC B   ;B←チェックする残りのバイト数
000E4D 0E4D 2808            12      JR  Z,MNFSBR    ;比較は1バイトのみで、一致しました
                                
       0E4F                     MNFSBL:
000E4F 0E4F 1A               7      LD  A,(DE)
000E50 0E50 1C               4      INC E
000E51 0E51 BE               7      CP  (HL)
000E52 0E52 23               6      INC HL
000E53 0E53 2011            12      JR  NZ,MNFSBB
000E55 0E55 10F8            13      DJNZ    MNFSBL
                                
       0E57                     MNFSBR:
000E57 0E57 CDC71F          17      CALL    _PAUSE
000E5A 0E5A 370E                    DW  MONFES
000E5C 0E5C 3E20             7      LD  A,' '
000E5E 0E5E CDF41F          17      CALL    _PRINT
000E61 0E61 E1              10      POP HL  ;HL←比較されるアドレス＋1
000E62 0E62 2B               6      DEC HL
000E63 0E63 C36307          10      JP  print_hex_4_digit
                                
       0E66                     MNFSBB:
000E66 0E66 E1              10      POP HL
000E67 0E67 C9              10      RET
                                
                                
                                ;   サーチ･コマンド用ワーク
000E68 0E68                     MONFTP: DS  2   ;検索先頭アドレス
000E6A 0E6A                     MONFEN: DS  2   ;検索最終アドレス＋1
000E6C 0E6C                     MONFSZ: DS  2   ;検索バイト数（[MONFEN]－[MONFTP]－[MONFCT]＋1）
000E6E 0E6E                     MONFCT: DS  1   ;データ数
                                
                                
                                ;オリジナル･モニタ ダンプ（可変行、可変桁対応）
                                ;〈ダンプの桁数〉
                                ; ダンプの桁数は、「横バイト数×4＋7」文字。
                                ;72桁以上、71文字
                                ;「:AAAA=HH HH HH HH HH HH HH HH HH HH HH HH HH HH HH HH /CCCCCCCCCCCCCCCC」
                                ;40桁以上、39文字
                                ;「:AAAA=HH HH HH HH HH HH HH HH /CCCCCCCC」
                                ;24桁以上、23文字
                                ;「:AAAA=HH HH HH HH /CCCC」
                                ;〈レジスタ･マップ〉
                                ;HL メモリのアドレス
                                ;B  汎用カウンタ
                                ;C  横バイト数
                                ;DE 縦表示数
                                ;注：DIV26（インデックス･レジスタ以外破壊）を呼び出します。
       0E6F                     monitor_dump_memory:
000E6F 0E6F CD180D          17      CALL    SPSKIP
000E72 0E72 CDB21F          17      CALL    _HLHEX
000E75 0E75 3803            12      JR  C,$+5
000E77 0E77 224610          16      LD  (monitor_operation_address),HL
000E7A 0E7A CD180D          17      CALL    SPSKIP
000E7D 0E7D CDB21F          17      CALL    _HLHEX
000E80 0E80 22330F          16      LD  (MONDE),HL
000E83 0E83 3F               4      CCF
000E84 0E84 9F               4      SBC A,A ;最終アドレスが指定されていたらAcc＝FFH
000E85 0E85 32350F          13      LD  (MONDF),A
000E88 0E88 CDFF0E          17      CALL    MNDINI  ;初期化
000E8B 0E8B DA7E0D          10      JP  C,monitor_command_waiting_loop  ;初期化失敗
000E8E 0E8E CDDB0E          17      CALL    MNDILC  ;表示ライン数の設定
000E91 0E91 EB               4      EX  DE,HL   ;DE←縦ライン数
000E92 0E92 3A360F          13      LD  A,(MONDX)
000E95 0E95 4F               4      LD  C,A ;C←横バイト数
                                
                                ;入力   C←横バイト数、DE←縦ライン数
                                ;   [monitor_operation_address]参照
                                ;出力   [monitor_operation_address]更新
                                ;破壊   AF，HL，DE，B
                                ;〈レジスタ･マップ〉
                                ;HL 現在メモリのアドレス
                                ;B  横ループ･カウンタ
                                ;DE 縦ループ･カウンタ
       0E96                     MDPLP1:
000E96 0E96 3E3A             7      LD  A,':'
000E98 0E98 CDF41F          17      CALL    _PRINT
000E9B 0E9B 2A4610          16      LD  HL,(monitor_operation_address)
000E9E 0E9E E5              11      PUSH    HL  ;スタック←アドレス（行頭）
000E9F 0E9F CDBE1F          17      CALL    _print_hex_4_digit
000EA2 0EA2 3E3D             7      LD  A,'='
000EA4 0EA4 CDF41F          17      CALL    _PRINT
000EA7 0EA7 41               4      LD  B,C ;B←横バイト数
                                
                                ;入力   HL←メモリのアドレス、B←横バイト数
                                ;出力   HLはカウント･アップされます
                                ;破壊   AF，HL，B
                                ;〈レジスタ･マップ〉
                                ;HL 現在メモリのアドレス
                                ;B  ループ･カウンタ
       0EA8                     MDPL21:
000EA8 0EA8 7E               7      LD  A,(HL)  ;Acc←メモリのデータ
000EA9 0EA9 23               6      INC HL
000EAA 0EAA CDC11F          17      CALL    _print_hex_2_digit
000EAD 0EAD 3E20             7      LD  A,' '
000EAF 0EAF CDF41F          17      CALL    _PRINT
000EB2 0EB2 10F4            13      DJNZ    MDPL21
                                
000EB4 0EB4 3E2F             7      LD  A,'/'
000EB6 0EB6 CDF41F          17      CALL    _PRINT
000EB9 0EB9 E1              10      POP HL  ;HL←アドレス（行頭）
000EBA 0EBA 41               4      LD  B,C ;B←横バイト数
                                
                                ;入力   HL←メモリのアドレス、B←横バイト数
                                ;出力   HLはカウント･アップされます
                                ;破壊   AF，HL，B
                                ;〈レジスタ･マップ〉
                                ;HL 現在メモリのアドレス
                                ;B  ループ･カウンタ
       0EBB                     MDPL22:
000EBB 0EBB 7E               7      LD  A,(HL)  ;Acc←メモリのデータ
000EBC 0EBC 23               6      INC HL
                                ;   CP  7FH
                                ;   JR  Z,$+6   ;DELコードだった
000EBD 0EBD FE20             7      CP  20H
000EBF 0EBF 3002            12      JR  NC,$+4  ;コントロール･コードだった
000EC1 0EC1 3E20             7      LD  A,' '   ;Acc←「 」
000EC3 0EC3 CDF41F          17      CALL    _PRINT
000EC6 0EC6 10F3            13      DJNZ    MDPL22
                                
000EC8 0EC8 224610          16      LD  (monitor_operation_address),HL
000ECB 0ECB CDEE1F          17      CALL    _LTNL
000ECE 0ECE CDC71F          17      CALL    _PAUSE
000ED1 0ED1 7E0D                    DW  monitor_command_waiting_loop
000ED3 0ED3 1B               6      DEC DE
000ED4 0ED4 7B               4      LD  A,E
000ED5 0ED5 B2               4      OR  D
000ED6 0ED6 20BE            12      JR  NZ,MDPLP1
                                
000ED8 0ED8 C37E0D          10      JP  monitor_command_waiting_loop
                                
                                
                                ;表示ライン数を得ます
                                ;入力   [MONDE]←最終アドレス、[MONDF]←[MONDE]有効のフラグ
                                ;出力   HL←ライン数
                                ;破壊   全レジスタ
       0EDB                     MNDILC:
000EDB 0EDB 3A350F          13      LD  A,(MONDF)
000EDE 0EDE B7               4      OR  A
000EDF 0EDF 2007            12      JR  NZ,MNDLC1
                                
                                ;   最終アドレスが設定されていない場合
000EE1 0EE1 3A370F          13      LD  A,(MONDY)
000EE4 0EE4 6F               4      LD  L,A
000EE5 0EE5 2600             7      LD  H,0 ;HL←縦ライン数（1画面分）
000EE7 0EE7 C9              10      RET
                                
                                ;   最終アドレスが設定されている場合
       0EE8                     MNDLC1:
000EE8 0EE8 3A360F          13      LD  A,(MONDX)
000EEB 0EEB 4F               4      LD  C,A
000EEC 0EEC 0600             7      LD  B,0 ;BC←横バイト数（2～）
000EEE 0EEE 2A330F          16      LD  HL,(MONDE)
000EF1 0EF1 ED5B4610        20      LD  DE,(monitor_operation_address)
000EF5 0EF5 AF               4      XOR A
000EF6 0EF6 ED52            15      SBC HL,DE   ;HL←ダンプするバイト数－1
000EF8 0EF8 09              11      ADD HL,BC
000EF9 0EF9 17               4      RLA     ;Acc←CY
000EFA 0EFA 5F               4      LD  E,A
000EFB 0EFB 50               4      LD  D,B ;DEHL←ダンプするバイト数＋横バイト数－1
000EFC 0EFC C3450D          10      JP  DIV26
                                
                                
                                ;ダンプ･コマンドの初期化処理
                                ;入力   [_MXLIN]、[_WIDTH]参照
                                ;出力   [MONDX]、[MONDY]設定
                                ;   CY＝1なら初期化に失敗しました
                                ;破壊   全レジスタ
       0EFF                     MNDINI:
                                ;   [MONDXの設定]
000EFF 0EFF 3A5C1F          13      LD  A,(_WIDTH)
000F02 0F02 D608             7      SUB 8   ;アドレスなどの8文字を除きます
000F04 0F04 D8              11      RET C
000F05 0F05 FE08             7      CP  4*2
000F07 0F07 D8              11      RET C   ;2バイト分の表示にも足りない
000F08 0F08 E6FC             7      AND 11111100B
000F0A 0F0A 0F               4      RRCA
000F0B 0F0B 0F               4      RRCA        ;Acc←表示可能横バイト数
000F0C 0F0C CD230F          17      CALL    MNDN2
000F0F 0F0F 32360F          13      LD  (MONDX),A   ;[MONDY]←横バイト数（2～）
                                
                                ;   [MONDYの設定]
000F12 0F12 3A5B1F          13      LD  A,(_MXLIN)
000F15 0F15 D601             7      SUB 1   ;1行のアキを作るため
000F17 0F17 D8              11      RET C
000F18 0F18 FE02             7      CP  2
000F1A 0F1A D8              11      RET C   ;2行分の表示にも足りない
000F1B 0F1B CD230F          17      CALL    MNDN2
000F1E 0F1E 32370F          13      LD  (MONDY),A   ;[MONDY]←縦ライン数（2～）
                                
000F21 0F21 AF               4      XOR A
000F22 0F22 C9              10      RET
                                
                                
                                ;データをn^2化します
                                ;入力   Acc←処理するデータ（0～255）
                                ;出力   Acc←n^2化されたデータ（8、16など）
                                ;破壊   全レジスタ
       0F23                     MNDN2:
000F23 0F23 010008          10      LD  BC,8*100H   ;B←8，C←0
                                
       0F26                     MNDN21:
000F26 0F26 07               4      RLCA
000F27 0F27 0C               4      INC C   ;カウント･アップ
000F28 0F28 3802            12      JR  C,$+4
000F2A 0F2A 10FA            13      DJNZ    MNDN21
                                
000F2C 0F2C 3E00             7      LD  A,0 ;CYA←1_00000000B
000F2E 0F2E 41               4      LD  B,C
                                
       0F2F                     MNDN22:
000F2F 0F2F 1F               4      RRA
000F30 0F30 10FD            13      DJNZ    MNDN22
                                
000F32 0F32 C9              10      RET
                                
                                
                                ;   ダンプ･コマンド用ワーク
000F33 0F33                     MONDE:  DS  2   ;ユーザーが指定したダンプの最終アドレス
000F35 0F35                     MONDF:  DS  1   ;＝FFHで、[MONDE]が有効
000F36 0F36                     MONDX:  DS  1   ;ダンプする横バイト数（2～）
000F37 0F37                     MONDY:  DS  1   ;ダンプする縦バイト数（2～）
                                
                                
                                ;オリジナル･モニタ メモリ･セット
       0F38                     monitor_set_data_to_memory:
000F38 0F38 CD180D          17      CALL    SPSKIP
000F3B 0F3B CDB21F          17      CALL    _HLHEX
000F3E 0F3E 3803            12      JR  C,$+5
000F40 0F40 224610          16      LD  (monitor_operation_address),HL
                                
000F43 0F43 3E3A             7  MMSLP:  LD  A,':'
000F45 0F45 CDF41F          17      CALL    _PRINT
000F48 0F48 2A4610          16      LD  HL,(monitor_operation_address)
000F4B 0F4B CDBE1F          17      CALL    _print_hex_4_digit
000F4E 0F4E 3E3D             7      LD  A,'='
000F50 0F50 CDF41F          17      CALL    _PRINT
000F53 0F53 7E               7      LD  A,(HL)
000F54 0F54 CDC11F          17      CALL    _print_hex_2_digit
000F57 0F57 3E1D             7      LD  A,1DH   ;Acc←「←」
000F59 0F59 CDF41F          17      CALL    _PRINT
000F5C 0F5C CDF41F          17      CALL    _PRINT
000F5F 0F5F CD750F          17      CALL    MEMEDT
000F62 0F62 DA900D          10      JP  C,MON2
000F65 0F65 18DC            12      JR  MMSLP
                                
                                
                                ;オリジナル･モニタ メモリ･エディト
       0F67                     monitor_memory_edit:
000F67 0F67 CD7F0F          17      CALL    MEMED1
000F6A 0F6A DA7E0D          10      JP  C,monitor_command_waiting_loop
                                
000F6D 0F6D CD750F          17  MONELP: CALL    MEMEDT
000F70 0F70 DA900D          10      JP  C,MON2
000F73 0F73 18F8            12      JR  MONELP
                                
                                
                                ;1行メモリ･エディト･ルーチン
                                ;入力   [monitor_operation_address]参照
                                ;出力   CY＝1ならエディトを終了しました
                                ;破壊   AF，HL，DE
       0F75                     MEMEDT:
000F75 0F75 ED5B761F        20      LD  DE,(_KBFAD)
000F79 0F79 CDD31F          17      CALL    _GETL
000F7C 0F7C CD0D0D          17      CALL    get_character_from_line
                                
                                ;   既に先頭1文字を取り出した時のエントリ
       0F7F                     MEMED1:
000F7F 0F7F FE3A             7      CP  ':' ;メモリ･エディト用ヘッダ
000F81 0F81 37               4      SCF
000F82 0F82 C0              11      RET NZ  ;ヘッダが不正
000F83 0F83 CD180D          17      CALL    SPSKIP
000F86 0F86 CDB21F          17      CALL    _HLHEX
000F89 0F89 D8              11      RET C   ;アドレスが不正
000F8A 0F8A CD0D0D          17      CALL    get_character_from_line
000F8D 0F8D FE3D             7      CP  '='
000F8F 0F8F 37               4      SCF
000F90 0F90 C0              11      RET NZ  ;セパレータが不正
                                
000F91 0F91 CD180D          17  MEMELP: CALL    SPSKIP
000F94 0F94 1A               7      LD  A,(DE)
000F95 0F95 FE2E             7      CP  '.'
000F97 0F97 37               4      SCF
000F98 0F98 C8              11      RET Z   ;エディト終了
000F99 0F99 CDB51F          17      CALL    _2HEX
000F9C 0F9C 3F               4      CCF
000F9D 0F9D D0              11      RET NC  ;入力終了
000F9E 0F9E 77               7      LD  (HL),A
000F9F 0F9F 23               6      INC HL
000FA0 0FA0 224610          16      LD  (monitor_operation_address),HL
000FA3 0FA3 18EC            12      JR  MEMELP
                                
                                
                                ;===============================================
                                ;オリジナル･モニタ Ok、Errorメッセージ
                                ;===============================================
                                
                                
                                ;処理が正常終了しました
       0FA5                     monitor_normal_end:
000FA5 0FA5 CDE21F          17      CALL    _MPRNT
000FA8 0FA8 4F6B0D00                DB  'Ok',0DH,00H
       0FAC                     MNOKRT:
000FAC 0FAC C37E0D          10      JP  monitor_command_waiting_loop
                                
                                
                                ;処理が異常終了しました
       0FAF                     monitor_error_termination:
000FAF 0FAF CDE21F          17      CALL    _MPRNT
000FB2 0FB2 4572726F7220210D        DB  'Error !',0DH,00H
            00                  
000FBB 0FBB 18EF            12      JR  MNOKRT
                                
                                
                                ;=======================================
                                ;オリジナル･モニタ･ディスク初期化処理
                                ;=======================================
                                
                                
                                ;S-OSディスク･イメージの初期化
       0FBD                     monitor_initialize_disk:
000FBD 0FBD CD180D          17      CALL    SPSKIP
000FC0 0FC0 CD3210          17      CALL    MONDEV
000FC3 0FC3 B7               4      OR  A
000FC4 0FC4 2009            12      JR  NZ,MONIDI
                                
                                ;   S-OSディスク･イメージのクローズ
000FC6 0FC6 CD4C10          17      CALL SOSSF
000FC9 0FC9 DAAF0F          10      JP  C,monitor_error_termination
000FCC 0FCC C3A50F          10      JP  monitor_normal_end
                                
                                ;   論理フォーマット
000FCF 0FCF 3D               4  MONIDI: DEC A   ;Acc←ユニット番号
000FD0 0FD0 32062B          13      LD  (disk_unit_number),A
000FD3 0FD3 C641             7      ADD A,'A'
000FD5 0FD5 4F               4      LD  C,A ;C←デバイス名
000FD6 0FD6 CDE21F          17      CALL    _MPRNT
000FD9 0FD9 C3DECADEB2BD2000        DB  'ﾃﾞﾊﾞｲｽ ',00H
000FE1 0FE1 79               4      LD  A,C
000FE2 0FE2 CDF41F          17      CALL    _PRINT
000FE5 0FE5 CDE21F          17      CALL    _MPRNT
000FE8 0FE8 3A20A620BCAEB7B6        DB  ': ｦ ｼｮｷｶ ｼﾃ ﾖﾛｼｲ ﾃﾞｽｶ(Y/N)?',00H
            20BCC320D6DBBCB2    
            20C3DEBDB628592F    
            4E293F00            
001004 1004 CD2120          17      CALL    _FLGET
001007 1007 CD220D          17      CALL    convert_lower_case_to_upper_case
00100A 100A FE59             7      CP  'Y'
00100C 100C 280D            12      JR  Z,MONIDY
                                
                                ;   初期化しません
00100E 100E 3E4E             7      LD  A,'N'
001010 1010 CDF41F          17      CALL    _PRINT
001013 1013 3E0D             7      LD  A,0DH
001015 1015 CDF41F          17      CALL    _PRINT
001018 1018 C37E0D          10      JP  monitor_command_waiting_loop
                                
                                ;   初期化します
       101B                     MONIDY:
00101B 101B CDF41F          17      CALL    _PRINT
00101E 101E 3E0D             7      LD  A,0DH
001020 1020 CDF41F          17      CALL    _PRINT
                                
001023 1023 CD4E10          17      CALL    SOSDI
001026 1026 D2A50F          10      JP  NC,monitor_normal_end
                                
                                ;   物理的フォーマット（論理フォーマットに失敗しました）
001029 1029 CD4E10          17      CALL    SOSDF
00102C 102C D2A50F          10      JP  NC,monitor_normal_end
                                
                                ;   物理的フォーマットにも失敗しました
00102F 102F C3AF0F          10      JP  monitor_error_termination
                                
                                
                                ;=======================================
                                ;オリジナル･モニタ･ディスク･ルーチン
                                ;=======================================
                                
                                
                                ;ファイル名からデバイスを抜き出します
                                ;入力   DE←ファイル名の先頭アドレス
                                ;出力   Acc←デバイス（0，1～）、DE←カウント･アップ
                                ;破壊   AF，DE
                                ;注：デフォルト･デバイスは0、ドライブAは1に対応します。
       1032                     MONDEV:
001032 1032 1A               7      LD  A,(DE)
001033 1033 B7               4      OR  A
001034 1034 C8              11      RET Z   ;文字列の終わりに達していました
                                
001035 1035 13               6      INC DE
001036 1036 1A               7      LD  A,(DE)
001037 1037 1B               6      DEC DE
001038 1038 FE3A             7      CP  ':'
00103A 103A 3E00             7      LD  A,0 ;Acc←デフォルト･デバイス
00103C 103C C0              11      RET NZ  ;デバイスが指定されています
                                
                                ;   デバイスが指定されています
00103D 103D 1A               7      LD  A,(DE)
00103E 103E CD220D          17      CALL    convert_lower_case_to_upper_case
001041 1041 D640             7      SUB 'A'-1   ;Acc←1～
001043 1043 13               6      INC DE
001044 1044 13               6      INC DE
001045 1045 C9              10      RET
                                
                                
                                
                                ;-------------------------------
                                ;オリジナル･モニタ ワーク
                                ;-------------------------------
                                
                                
001046 1046 0000                monitor_operation_address:  DW  0   ;操作アドレス
001048 1048 0000                monitor_reserve_stack_pointer:  DW  0   ;SPの保存
00104A 104A 0000                monitor_size_of_user_area:  DW  0   ;ユーザー･エリアの大きさ
                                
                                
                                ;---------------------------------------
                                ;SWXCDIOを使わないための処理
                                ;---------------------------------------
                                
                                
       104C                     SOSSI:
       104C                     SOSSF:
00104C 104C B7               4      OR  A
00104D 104D C9              10      RET
       104E                     SOSDI:
       104E                     SOSDF:
00104E 104E 37               4      SCF
00104F 104F C9              10      RET
       1050                     DIOETP:
001050 1050                         DS  2
                                
                                
       1052                     CRT_INIT:
001052 1052 2100F0          10      LD HL,0F000H ; VRAMの左上のアトリビュートアドレス
001055 1055 010008          10      LD BC,0800H
                                ; カーソル座標を00Hに設定する。
                                ; 注：画面左上がカーソル座標では0000Hになる。VRAMにおけるテキスト画面左上(F800H)ではないことに注意。
001058 1058 3E0E             7      LD A,0EH ; R14 (cursor H)
00105A 105A D3F0            11      OUT (CRTC_ADD),A
00105C 105C 3E00             7      LD A,0H
00105E 105E D3F1            11      OUT (CRTC_VAL),A
001060 1060 3E0F             7      LD A,0FH ; R15 (cursor L)
001062 1062 D3F0            11      OUT (CRTC_ADD),A
001064 1064 3E00             7      LD A,00H
001066 1066 D3F1            11      OUT (CRTC_VAL),A
                                
                                ; カーソルの形状と点滅の設定
001068 1068 3E0A             7      LD A,0AH ; R10 (cursor start address)
00106A 106A D3F0            11      OUT (CRTC_ADD),A
                                ;   LD A,C0H ; 点滅、豆腐カーソル
00106C 106C 3EC7             7      LD A,C7H ; 点滅、アンスコカーソル
                                ;   LD A,0H ; 表示せず。
00106E 106E D3F1            11      OUT (CRTC_VAL),A
001070 1070 3E0B             7      LD A,0BH ; R11 (cursor end address)
001072 1072 D3F0            11      OUT (CRTC_ADD),A
001074 1074 3E0A             7      LD A,0AH
                                ;   LD A,0H ; 表示せず。
001076 1076 D3F1            11      OUT (CRTC_VAL),A
                                
                                ;
                                ;   一度画面全てを消す(スペースで埋める)。
                                ;
001078 1078 0650             7      LD B,050H
00107A 107A 11FFFF          10      LD DE,0FFFFH
00107D 107D 3E20             7      LD A,20H ; 20Hはアスキーコードでスペース
       107F                     .CLEAR_LOOP
                                ; CLEAR_ALL_LINE:
00107F 107F D3D2            11      OUT (0D2H),A ; D2Hポートになにか書くと次の命令は別のページ(この場合はVRAMのページ)に行う。
001081 1081 77               7      LD (HL),A ; F000H～FFFFHまで20Hで埋めている。アトリビュートに20H書いても問題ないみたい。
001082 1082 23               6      INC HL
001083 1083 ED52            15      SBC HL,DE
                                    ; JR NZ,CLEAR_ALL_LINE
001085 1085 20F8            12      JR NZ,.CLEAR_LOOP
                                
001087 1087 1100F8          10      LD DE, VRAM_TXT_TOP ; 最初の文字列表示位置(左上隅)
00108A 108A ED538E12        20      LD (CURSOR_LOCATE),DE
00108E 108E ED539012        20      LD (TOP_VIEW),DE
001092 1092 11D0FF          10      LD DE, 0FFD0H
001095 1095 ED539212        20      LD (NEED_DO_SCROLL_POINT),DE
                                
001099 1099 C9              10      RET ; 初期化処理終了
                                
                                ;;;;;;;;;;;;;;;;;;;;;;;;;;;;;;;;;;;;;;;;;;;;;;;;;;;;;;;;;;;;;;;;;
                                ;
                                ; CRTCコントロールサブルーチン群
                                ;
                                
                                ;
                                ; VRAM_TXT_TOP : VRAMテキストエリアの先頭(F800H)
                                ; CURSOR_LOCATE : 現在のカーソル位置
                                ; CR_NOW_CURSOR_LOCATE : CRコードが入った時のカーソル位置
                                ; TOP_VIEW : 画面左上端のアドレス(スクロールによって動的に変化する)
                                ; CR_BASE_ADDRESS : CR後のカーソル位置
                                ; CR_NEW_ORIGIN : FFFFHの境界を越え、更に画面右端を超えた時にCRアドレス計算の原点になるアドレス
                                
                                ;;;;;;;;;;;;;;;;;;;;;;;;;;;;;;;;;;;;;;;;;;;;;;;;;;;;;;;;;;;;;;;;;
                                ;
                                ; １文字表示サブルーチン
                                ; A regに表示するアスキーコードが入っている。
                                ;
                                
       109A                     PUTCHAR:
00109A 109A E5              11      PUSH HL
00109B 109B F5              11      PUSH AF
00109C 109C D5              11      PUSH DE
                                
00109D 109D A7               4      AND A
00109E 109E 283D            12      JR Z, PUTCHAR_RET ; NULL文字なら何もしないで戻る
0010A0 10A0 ED5B8E12        20      LD DE,(CURSOR_LOCATE) ; 現在のカーソル位置をDEにロード
0010A4 10A4 FE0D             7      CP CR ; キャリッジリターンか？
0010A6 10A6 CA1D11          10      JP Z, DO_CR ; CRの処理
0010A9 10A9 FE0A             7      CP LF ; ラインフィードか？
0010AB 10AB CAC211          10      JP Z, DO_LF ; LFの処理
0010AE 10AE FE08             7      CP BS ; バックスペースか？
0010B0 10B0 CAE611          10      JP Z, DO_BS ; BSの処理
0010B3 10B3 FE09             7      CP HT ; タブか？
0010B5 10B5 CAEF11          10      JP Z, DO_HT ; HTの処理
0010B8 10B8 FE1B             7      CP ESC ; エスケープか？
0010BA 10BA CA0412          10      JP Z, DO_ESC ; ESCの処理
                                
                                ; 通常文字の表示処理
       10BD                     DO_NORMAL:
0010BD 10BD D3D2            11      OUT (0D2H),A ; access to RAM page 1
0010BF 10BF 12               7      LD (DE),A ; put character
                                ;
                                ; 越境判定。FFFFHの次はF800Hになる
                                ;
0010C0 10C0 F5              11      PUSH AF
0010C1 10C1 7A               4      LD A,D ; DEの上位バイト
0010C2 10C2 FEFF             7      CP 0FFH
0010C4 10C4 2008            12      JR NZ,CURSOR_BOUNDARY_END ; オーバーフローしていなければジャンプ
0010C6 10C6 7B               4      LD A,E ; DEの下位バイト
0010C7 10C7 FEFF             7      CP 0FFH
0010C9 10C9 2003            12      JR NZ,CURSOR_BOUNDARY_END ; オーバーフローしていなければジャンプ
0010CB 10CB 11FFF7          10      LD DE, VRAM_TXT_TOP-1     ; 現在のカーソル位置 = F800H - 1 
       10CE                     CURSOR_BOUNDARY_END:
0010CE 10CE F1              10      POP AF
0010CF 10CF 13               6      INC DE ; カーソル位置を1つ進める
       10D0                     DO_CR_LF_BS_RETURN: ; CR,LF,BSの処理で戻ってくる
0010D0 10D0 CD0612          17      CALL DO_SCROLL ; 1行スクロール処理
0010D3 10D3 ED538E12        20      LD (CURSOR_LOCATE),DE ; 現在のカーソル位置を更新。
0010D7 10D7 CDE110          17      CALL PRINT_CURSOR ; カーソル表示
0010DA 10DA CDF710          17      CALL CALC_CURSOR_XY ; カーソルのX,Y座標計算
       10DD                     PUTCHAR_RET:
0010DD 10DD D1              10      POP DE
0010DE 10DE F1              10      POP AF
0010DF 10DF E1              10      POP HL
0010E0 10E0 C9              10      RET
                                
                                ;
                                ; カーソルをCURSOR_LOCATE=DEの位置に表示する(HD46505Sの機能)
                                ;
       10E1                     PRINT_CURSOR:
0010E1 10E1 F5              11      PUSH AF
0010E2 10E2 D5              11      PUSH DE
0010E3 10E3 E5              11      PUSH HL
0010E4 10E4 EB               4      EX DE,HL ; HL=CURSOR_LOCATE
0010E5 10E5 3E0E             7      LD A,0EH ; R14 (cursor H)
0010E7 10E7 D3F0            11      OUT (CRTC_ADD),A
0010E9 10E9 7C               4      LD A,H
0010EA 10EA D3F1            11      OUT (CRTC_VAL),A ; カーソルの上位アドレス設定
0010EC 10EC 3E0F             7      LD A,0FH ; R15 (cursor L)
0010EE 10EE D3F0            11      OUT (CRTC_ADD),A
0010F0 10F0 7D               4      LD A,L
0010F1 10F1 D3F1            11      OUT (CRTC_VAL),A ; カーソルの下位アドレス設定
0010F3 10F3 E1              10      POP HL
0010F4 10F4 D1              10      POP DE
0010F5 10F5 F1              10      POP AF
0010F6 10F6 C9              10      RET
                                
                                ;
                                ; CURSOR_LOCATE=DEから、カーソルのX,Y座標を計算して、特定のメモリ領域に保存する。
                                ;
       10F7                     CALC_CURSOR_XY:
0010F7 10F7 F5              11      PUSH AF
0010F8 10F8 C5              11      PUSH BC
0010F9 10F9 D5              11      PUSH DE
0010FA 10FA E5              11      PUSH HL
0010FB 10FB 2100F8          10      LD HL,VRAM_TXT_TOP ; 画面左上端アドレスをHLにロード
0010FE 10FE EB               4      EX DE,HL ; DEとHLを交換。HL=CURSOR_LOCATE, DE=VRAM_TXT_TOP
0010FF 10FF ED52            15      SBC HL,DE ; HL = CURSOR_LOCATE - VRAM_TXT_TOP
001101 1101 B7               4      OR A ; フラグをクリア
001102 1102 010000          10      LD BC,0 ; B=Y座標カウンタ初期化
       1105                     Y_CALC_LOOP:
001105 1105 115000          10      LD DE,WIDTH_SCREEN ; 50H = 画面の桁数(80d)
001108 1108 ED52            15      SBC HL,DE ; HL - 50H
00110A 110A 3803            12      JR C,Y_CALC_END ; HLが負ならループ終了
00110C 110C 04               4      INC B ; Y座標カウンタをインクリメント
00110D 110D 18F6            12      JR Y_CALC_LOOP
       110F                     Y_CALC_END:
00110F 110F 19              11      ADD HL,DE ; 余り復元（これがX座標）
001110 1110 78               4      LD A,B
001111 1111 3200FF          13      LD (cursor_XY_ADDR),A   ; Y座標保存
001114 1114 7D               4      LD A,L
001115 1115 3202FF          13      LD (cursor_XY_ADDR+2),A   ; X座標保存
001118 1118 E1              10      POP HL
001119 1119 D1              10      POP DE
00111A 111A C1              10      POP BC
00111B 111B F1              10      POP AF
00111C 111C C9              10      RET
                                
                                ;
                                ; 
                                ;
                                
                                
                                ;;;;;;;;;;;;;;;;;;;;;;;;;;;;;;;;;;;;;;;;;;;;;;;;;;;;;;;;;;;;;;;;;
                                ;
                                ; CR処理ルーチン(スクロール処理対応版)
                                ;
                                
       111D                     DO_CR:
00111D 111D E5              11      PUSH HL
00111E 111E C5              11      PUSH BC
00111F 111F AF               4      XOR A ; A=0にする
001120 1120 ED539812        20      LD (CR_NOW_CURSOR_LOCATE),DE ; 現在のカーソル位置保存
001124 1124 2A9012          16      LD HL,(TOP_VIEW) ; 左上端をロード
001127 1127 EB               4      EX DE,HL
001128 1128 ED52            15      SBC HL,DE ; 左上端アドレス - 現在のカーソル位置
00112A 112A 3062            12      JR NC,CONTINUE_CR ; オーバーフローしていないなら単純処理
                                ;
                                ;   TOP_VIEWがCR_NOW_CURSOR_LOCATEよりも大きいとき。
                                ;   この状況は、スクロールされた時に発生する。
                                ;   つまり、殆どの場合、この処理が実行される。
                                ;
00112C 112C 2A9012          16      LD HL,(TOP_VIEW)
00112F 112F ED5B9812        20      LD DE,(CR_NOW_CURSOR_LOCATE) ; CRコードが入った時のカーソル位置
001133 1133 015000          10      LD BC,WIDTH_SCREEN ;  50H =  画面の桁数(80d)
001136 1136 229412          16      LD (CR_BASE_ADDRESS),HL ; 初期値は左上端アドレス
       1139                     CR_SCAN_0:
001139 1139 2A9412          16      LD HL,(CR_BASE_ADDRESS)
00113C 113C 229612          16      LD (CR_BASE_ADDRESS_PRE),HL
00113F 113F 09              11      ADD HL,BC ; 50H(80d)づつ足していく
001140 1140 229412          16      LD (CR_BASE_ADDRESS),HL
001143 1143 D23911          10      JP NC,CR_SCAN_0     ; 越境をチェックしている。
                                                        ; オーバーフローまでループする。
001146 1146 2A9612          16      LD HL,(CR_BASE_ADDRESS_PRE) ; ループを抜けたときHLはオーバーフロー後の値になっている。
                                                                ; 足し算前の値に戻す
                                    ; FFFFHを超えた値がいくつかを調べる。
                                    ; FFFFHまでの値と合わせて、それが1行の桁数50H(80d)を
                                    ; 超えたなら、CR後の現在カーソル位置は
                                    ; その新しい行の先頭アドレスにならなくてはならない。
                                    ; 
001149 1149 11FFFF          10      LD DE,0FFFFH ; 境界値
00114C 114C EB               4      EX DE,HL
00114D 114D ED52            15      SBC HL,DE ; FFFFH - CR_BASE_ADDRESS_PRE = A
                                              ; オーバーフローする一つ前の値でFFFFHを引く
00114F 114F 115000          10      LD DE,WIDTH_SCREEN ; 50H(80d)
001152 1152 EB               4      EX DE,HL
001153 1153 ED52            15      SBC HL,DE ; 50H(80d) - A = X ; Xは境界を越えた数
001155 1155 1100F8          10      LD DE,VRAM_TXT_TOP ; VRAM_TXT_TOP = F800H
001158 1158 19              11      ADD HL,DE ; F800H + X ; この値が境界を含む行の右端のアドレス
001159 1159 2B               6      DEC HL  ; -1する
00115A 115A 2B               6      DEC HL  ; この引き算二回の処理がないと正しい左端のアドレスが出ない。
                                            ; これはCP/Mでは常にプロンプト(a>)の2文字が出ているため。
00115B 115B 229A12          16      LD (CR_NEW_ORIGIN),HL ; 新しいCR評価位置になる
00115E 115E 229412          16      LD (CR_BASE_ADDRESS),HL ; CR_BASE_ADDRESSに新しい値を入れる
001161 1161 ED5B9812        20      LD DE,(CR_NOW_CURSOR_LOCATE) ; CR命令を受けた時のカーソル位置
                                
                                    ;
                                    ; 例えば現在カーソル位置がF819Hで新しいCR評価位置がF820Hのときに、
                                    ; CR_2_NEW_SCAN_0のループを通ると+50Hされてしまうので、バイパスする処理。
001165 1165 ED52            15      SBC HL,DE ; (CR_NEW_ORIGIN) > CR_NOW_CURSOR_LOCATE ?
001167 1167 F2BC11          10      JP P,CR_BOUNDARY_RETURN ; 正であれば、ジャンプ
                                    ;
                                    ;
00116A 116A 2A9A12          16      LD HL,(CR_NEW_ORIGIN) ; 負であれば、そのまま処理を進める。
00116D 116D 015000          10      LD BC,WIDTH_SCREEN ;  50H(80d)
       1170                     CR_NEW_SCAN_0:
001170 1170 2A9412          16      LD HL,(CR_BASE_ADDRESS)
001173 1173 229612          16      LD (CR_BASE_ADDRESS_PRE),HL ; HL=CR_NEW_ORIGIN
001176 1176 09              11      ADD HL,BC ; CR_NEW_ORIGIN + 50H +...
001177 1177 229412          16      LD (CR_BASE_ADDRESS),HL
00117A 117A ED52            15      SBC HL,DE ; (CR_NEW_ORIGIN + 50H +...) > CR_NOW_CURSOR_LOCATE ?
00117C 117C FA7011          10      JP M, CR_NEW_SCAN_0 ; DEの方が大きければループ
00117F 117F CA7011          10      JP Z, CR_NEW_SCAN_0 ; 完全に一致したときも1回ループを回す
001182 1182 2A9612          16      LD HL,(CR_BASE_ADDRESS_PRE) ; HL>DE。50Hを足す一つ前の値をHLに入れる。
001185 1185 229412          16      LD (CR_BASE_ADDRESS),HL
001188 1188 ED5B9412        20      LD DE,(CR_BASE_ADDRESS) ; CR後のアドレスをDEに入れる。
00118C 118C 1829            12      JR CR_END
                                ;
                                ;   TOP_VIEWがCR_NOW_CURSOR_LOCATEよりも小さいとき
                                ;
       118E                     CONTINUE_CR:
00118E 118E 2A9012          16      LD HL,(TOP_VIEW)
001191 1191 ED5B9812        20      LD DE,(CR_NOW_CURSOR_LOCATE)
001195 1195 015000          10      LD BC,WIDTH_SCREEN ; 50H(80d) 
001198 1198 229412          16      LD (CR_BASE_ADDRESS),HL
       119B                     CR_SCAN_1:
00119B 119B 2A9412          16      LD HL,(CR_BASE_ADDRESS)
00119E 119E 229612          16      LD (CR_BASE_ADDRESS_PRE),HL
0011A1 11A1 09              11      ADD HL,BC ; 50H(80d)づつ足していく
0011A2 11A2 229412          16      LD (CR_BASE_ADDRESS),HL
0011A5 11A5 ED52            15      SBC HL,DE   ; HLが現在のカーソル位置を超えるかチェック
0011A7 11A7 FA9B11          10      JP M,CR_SCAN_1 ; 超えていなければループ
0011AA 11AA CA9B11          10      JP Z,CR_SCAN_1 ; 完全に一致したときも1回ループを回す。
0011AD 11AD 2A9612          16      LD HL,(CR_BASE_ADDRESS_PRE) ; HLが現在のカーソル位置を超えたので、1つ前の値に戻す
0011B0 11B0 229412          16      LD (CR_BASE_ADDRESS),HL
0011B3 11B3 ED5B9412        20      LD DE,(CR_BASE_ADDRESS)
       11B7                     CR_END:
0011B7 11B7 C1              10      POP BC
0011B8 11B8 E1              10      POP HL
0011B9 11B9 C3D010          10      JP DO_CR_LF_BS_RETURN; CR,LF,BSの処理の終了
                                
       11BC                     CR_BOUNDARY_RETURN:
0011BC 11BC ED5B9612        20      LD DE,(CR_BASE_ADDRESS_PRE) ; DEに現在のカーソル位置を超える前の値(CR_BASE_ADDRESS_PRE)を戻す
0011C0 11C0 18F5            12      JR CR_END
                                
                                ;;;;;;;;;;;;;;;;;;;;;;;;;;;;;;;;;;;;;;;;;;;;;;;;;;;;;;;;;;;;;;;;;
                                ;
                                ; LINE_FEED 処理(スクロール処理対応版)
                                ;
                                
       11C2                     DO_LF:
0011C2 11C2 E5              11      PUSH HL
0011C3 11C3 C5              11      PUSH BC
0011C4 11C4 EB               4      EX DE,HL ; HL <-> DE DE=現在のカーソル位置
0011C5 11C5 015000          10      LD BC,WIDTH_SCREEN ; 50H(80d)
0011C8 11C8 09              11      ADD HL,BC ; HL = DE + 50H
0011C9 11C9 3015            12      JR NC,CONTINUE_LF ; オーバーフローしていなければジャンプ
                                ;
                                ;   BEYOND FFFFH BOUNDARY
                                ;
0011CB 11CB 2A8E12          16      LD HL,(CURSOR_LOCATE)
0011CE 11CE 11FFFF          10      LD DE,0FFFFH
0011D1 11D1 EB               4      EX DE,HL ; HL - CURSOR_LOCATE
0011D2 11D2 ED52            15      SBC HL,DE ; FFFFH - CURSOR_LOCATE = A
0011D4 11D4 115000          10      LD DE,50H ; 50H(80d)
0011D7 11D7 EB               4      EX DE,HL ; DE - A
0011D8 11D8 ED52            15      SBC HL,DE ; 50H - A = X
                                ;
0011DA 11DA 2B               6      DEC HL ; この引き算二回の処理がないと正しい左端のアドレスが出ない。
0011DB 11DB 2B               6      DEC HL ; これはCP/Mでは常にプロンプト(a>)の2文字が出ているため。
                                ;
0011DC 11DC 1100F8          10      LD DE,VRAM_TXT_TOP
0011DF 11DF 19              11      ADD HL,DE
       11E0                     CONTINUE_LF:
0011E0 11E0 EB               4      EX DE,HL ; DE <-> HL
0011E1 11E1 C1              10      POP BC
0011E2 11E2 E1              10      POP HL
0011E3 11E3 C3D010          10      JP DO_CR_LF_BS_RETURN
                                
                                ;;;;;;;;;;;;;;;;;;;;;;;;;;;;;;;;;;;;;;;;;;;;;;;;;;;;;;;;;;;;;;;;;
                                ;
                                ; BACK SPACE 処理
                                ;
       11E6                     DO_BS:
0011E6 11E6 3E20             7      LD A, 20H ; 20H -> Space ASCII CODE
0011E8 11E8 1B               6      DEC DE ; カーソル位置を1つ戻す
0011E9 11E9 D3D2            11      OUT (0D2H),A ; access to RAM page 1
0011EB 11EB 12               7      LD (DE),A ; 20H(スペース)を表示させる。
0011EC 11EC C3D010          10      JP DO_CR_LF_BS_RETURN ; BSの為の復帰点に戻る。
                                
                                ;
                                ; Horizontal Tab
                                ;
       11EF                     DO_HT:
0011EF 11EF F5              11      PUSH AF
0011F0 11F0 E5              11      PUSH HL
0011F1 11F1 C5              11      PUSH BC
                                
                                    ; PUTCHARルーチンを4回呼び出してスペースを表示させる。
0011F2 11F2 3E20             7      LD A,20H ; 20H is Space CODE
0011F4 11F4 0604             7      LD B,04H    ; 4回ループ
       11F6                     HT_LOOP:
0011F6 11F6 F5              11          PUSH AF
0011F7 11F7 CD9A10          17          CALL PUTCHAR
0011FA 11FA F1              10          POP AF
0011FB 11FB 05               4          DEC B
0011FC 11FC 20F8            12          JR NZ, HT_LOOP
0011FE 11FE C1              10      POP BC
0011FF 11FF E1              10      POP HL
001200 1200 F1              10      POP AF
001201 1201 C9              10      RET
                                
       1202                     DO_VT:
001202 1202 C9              10      RET
                                
       1203                     DO_NP:
001203 1203 C9              10      RET
                                
       1204                     DO_ESC:
001204 1204 C9              10      RET
                                
       1205                     DO_BEL:
001205 1205 C9              10      RET
                                
                                
                                ;;;;;;;;;;;;;;;;;;;;;;;;;;;;;;;;;;;;;;;;;;;;;;;;;;;;;;;;;;;;;;;;;
                                ;
                                ; スクロール処理
                                ; SORD M23のCRTCであるHD4650SPはスクロール機能がある。
                                ; 具体的には表示したい画面左上端のアドレスを、R12、R13に上位、下位アドレスとして入れることで実行される。
                                ; SORD M23のVRAMのテキストエリアはF800H～FFFFHであるが、画面に表示される文字は80桁×25行の2000(7D0H)文字である。
                                ; よって、余りが生じるため、スクロール処理は殆どがこの余りの処理に費やされる。
                                ;
                                
       1206                     DO_SCROLL:
001206 1206 ED538E12        20      LD (CURSOR_LOCATE),DE ; 現在のカーソル位置を更新
00120A 120A 2A9012          16      LD HL,(TOP_VIEW) ; 左上端アドレス
00120D 120D 11D007          10      LD DE,7D0H ; 全画面文字数
001210 1210 19              11      ADD HL,DE ; TOP_VIEW + 7D0H ; 
001211 1211 3802            12      JR C,SCROLL_POINT_BEYOND_FFFF ; 境界値をまたいでいる、オーバーフローしたらジャンプ
001213 1213 1813            12      JR SCROLL_POINT ; スクロールすべきカーソル位置の更新へ
       1215                     SCROLL_POINT_BEYOND_FFFF:
001215 1215 2A9012          16      LD HL,(TOP_VIEW)
001218 1218 11FFFF          10      LD DE,0FFFFH
00121B 121B EB               4      EX DE,HL ; HL - TOP_VIEW
00121C 121C ED52            15      SBC HL,DE ; FFFFH - TOP_VIEW = A
00121E 121E 11CE07          10      LD DE,7CEH ; 7D0H - 2H = 7CEH
001221 1221 EB               4      EX DE,HL ; DE - A
001222 1222 ED52            15      SBC HL,DE ; 7CEH - A = X
001224 1224 1100F8          10      LD DE,VRAM_TXT_TOP
001227 1227 19              11      ADD HL,DE ; X + F800H = 新しいTOP_VIEW
                                    ;
       1228                     SCROLL_POINT:
                                    ; update need_do_scroll_point
001228 1228 229212          16      LD (NEED_DO_SCROLL_POINT),HL ; need_do_scroll_point = 新しいTOP_VIEW
00122B 122B ED5B8E12        20      LD DE,(CURSOR_LOCATE) ; 現在のカーソル位置
00122F 122F 7A               4      LD A,D ; need_do_scroll_point == CURSOR_LOCATE?
001230 1230 BC               4      CP H
001231 1231 C0              11      RET NZ
001232 1232 7B               4      LD A,E ; need_do_scroll_point == CURSOR_LOCATE?
001233 1233 BD               4      CP L
001234 1234 C0              11      RET NZ ; スクロール不要なら終了
                                ;
                                ; TOP_VIEWの更新
                                ;
                                
                                ; スクロールから外れた行をスペースで埋める。
001235 1235 2A9012          16      LD HL,(TOP_VIEW) ; スクロール直前の左上端アドレス
001238 1238 C5              11      PUSH BC
001239 1239 D5              11      PUSH DE
00123A 123A F5              11      PUSH AF
00123B 123B 064F             7      LD B,04FH ; 4FH=79d
00123D 123D 11FFFF          10      LD DE,0FFFFH ; 境界値
001240 1240 3E20             7      LD A,20H ; 20H is Space CODE
       1242                     CLEAR_1_LINE:
001242 1242 D3D2            11      OUT (0D2H),A
001244 1244 77               7      LD (HL),A ; スペースで埋める
001245 1245 E5              11      PUSH HL ; HL < FFFFHのとき、下の引き算はオーバーフローするが、
                                            ; HL=F800Hの時に実行すると、HL=F801となり、
                                            ; その後INC HLでF802Hになるため、スペースによる穴埋めがF801Hのみ実行されないことになる。
                                            ; なので、一度、HLを退避して、引き算してFFFFHでないか判定したのち、POPして戻している。
                                            ; このコードは遅いが、現状、これを採用する。20221229
001246 1246 ED52            15      SBC HL,DE ; HL - FFFFH = HL
001248 1248 E1              10      POP HL
001249 1249 2805            12      JR Z, CLEAR_BEYOND_BOUNDARY ; HL = FFFFHのときは境界を越えた
00124B 124B 23               6      INC HL
00124C 124C 10F4            13      DJNZ CLEAR_1_LINE
00124E 124E 1809            12      JR CLEAR_1_LINE_END
                                    ; 越境時の処理
       1250                     CLEAR_BEYOND_BOUNDARY:
001250 1250 2100F8          10      LD HL,VRAM_TXT_TOP ; HLをVRAMの先頭(F800H)にセット
       1253                     CLEAR_1_LINE_BOUNDARY: ; B回ループする
001253 1253 D3D2            11      OUT (0D2H),A
001255 1255 77               7      LD (HL),A
001256 1256 23               6      INC HL
001257 1257 10FA            13      DJNZ CLEAR_1_LINE_BOUNDARY
       1259                     CLEAR_1_LINE_END:
001259 1259 F1              10      POP AF
00125A 125A D1              10      POP DE
00125B 125B C1              10      POP BC
                                ;
                                ;
00125C 125C 2A9012          16      LD HL,(TOP_VIEW) ; TOP_VIEWの更新
00125F 125F 115000          10      LD DE,50H ; 50H=80d
001262 1262 19              11      ADD HL,DE ; TOP_VIEW + 50H
001263 1263 3015            12      JR NC,UPDATE_TOP_VIEW
                                ;
                                ;   BEYOND FFFFH BOUNDARY
                                ;
001265 1265 11FFFF          10      LD DE,0FFFFH ; 境界値
001268 1268 2A9012          16      LD HL,(TOP_VIEW) ; TOP_VIEW
00126B 126B EB               4      EX DE,HL
00126C 126C ED52            15      SBC HL,DE ; FFFFH - TOP_VIEW = A
00126E 126E 115000          10      LD DE,50H ; 50H(80d)
001271 1271 EB               4      EX DE,HL ; DE - A
001272 1272 ED52            15      SBC HL,DE ; 50H - A = X
001274 1274 1100F8          10      LD DE,VRAM_TXT_TOP ; VRAM_TXT_TOP
001277 1277 19              11      ADD HL,DE ; F800H + X = TOP_VIEW
                                ;
001278 1278 2B               6      DEC HL ; この引き算二回の処理がないと正しい左端のアドレスが出ない。
001279 1279 2B               6      DEC HL ; これはCP/Mでは常にプロンプト(a>)の2文字が出ているため。
                                ;
       127A                     UPDATE_TOP_VIEW:
00127A 127A 229012          16      LD (TOP_VIEW),HL
                                    ;
                                    ; 1行スクロール
                                    ;
00127D 127D F5              11      PUSH AF
00127E 127E 3E0C             7      LD A,0CH ; START ADDRESS HIGH
001280 1280 D3F0            11      OUT (CRTC_ADD),A
001282 1282 7C               4      LD A,H ; スクロールしたときに左隅になるVRAMの上位アドレス
001283 1283 D3F1            11      OUT (CRTC_VAL),A
001285 1285 3E0D             7      LD A,0DH ; START ADDRESS LOW
001287 1287 D3F0            11      OUT (CRTC_ADD),A
001289 1289 7D               4      LD A,L ; スクロールしたときに左隅になるVRAMの下位アドレス
00128A 128A D3F1            11      OUT (CRTC_VAL),A
00128C 128C F1              10      POP AF
       128D                     SCROLL_END:
00128D 128D C9              10      RET
                                
                                
                                
                                ;
                                ; for CRT control
                                ;
                                
       128E                     CURSOR_LOCATE: ; カーソル位置を保存する変数
00128E 128E                         DS 02H
                                
       1290                     TOP_VIEW: ; 画面左上端のアドレスを保存する変数
001290 1290                         DS 02H
                                
       1292                     NEED_DO_SCROLL_POINT: ; スクロールすべきポイントアドレスを保存する変数
001292 1292                         DS 02H
                                
       1294                     CR_BASE_ADDRESS: ; CRTコントローラのベースアドレス保存変数
001294 1294                         DS 02H
                                
       1296                     CR_BASE_ADDRESS_PRE: ; CRTコントローラのベースアドレス保存変数（前回値）
001296 1296                         DS 02H
                                
       1298                     CR_NOW_CURSOR_LOCATE: ; 現在のカーソル位置保存変数
001298 1298                         DS 02H
                                
       129A                     CR_NEW_ORIGIN: ; 新しい表示開始アドレス保存変数
00129A 129A                         DS 02H
                                
                                
002B00 2B00                         ORG 2B00H
                                
                                ;===============
                                ;エントリ
                                ;===============
                                
                                
002B00 2B00 C3072B          10  DREAD:  JP  read_disk_entity    ;ディスク読み込み
002B03 2B03 C35E2B          10  DWRITE: JP  write_disk_entity   ;ディスク書き込み
002B06 2B06                     disk_unit_number:   DS  1   ;0～
                                
                                
                                ;===============
                                ;サブルーチン
                                ;===============
                                
                                
                                ;DREAD本体
                                ;入力   HL←読み込みアドレス、DE←レコード番号、Acc←レコード数
                                ;   [disk_unit_number]参照
                                ;出力   CY＝0（Acc←0）なら成功、
                                ;   CY＝1（Acc←エラー･コード）なら失敗
                                ;破壊   AF，AF'
       2B07                     read_disk_entity:
002B07 2B07 C5              11      PUSH    BC
002B08 2B08 D5              11      PUSH    DE
002B09 2B09 E5              11      PUSH    HL
002B0A 2B0A CD112B          17      CALL    DRDSB   ;ディスクから読み込みます
002B0D 2B0D E1              10      POP HL
002B0E 2B0E D1              10      POP DE
002B0F 2B0F C1              10      POP BC
002B10 2B10 C9              10      RET
                                
                                
                                ;ディスクから読み込みます
                                ;入力   HL←読み込みアドレス、DE←レコード番号、Acc←レコード数
                                ;   [disk_unit_number]参照
                                ;出力   CY＝0（Acc←0）なら成功、
                                ;   CY＝1（Acc←エラー･コード）なら失敗
                                ;破壊   AF，HL，DE，BC，AF'
       2B11                     DRDSB:
002B11 2B11 ED73D72C        20      LD  (SPBUFF),SP ;リターン･スタック･ポインタ
002B15 2B15 CDB82B          17      CALL    get_track_number_and_sector_number_from_record_number   ;レコード番号より、トラック番号とセクタ番号を得ます
002B18 2B18 CDDC2B          17      CALL    get_ready_to_access_disk    ;ディスクをアクセス可能にします
       2B1B                     AGNRDY:
002B1B 2B1B CD0F2C          17      CALL    SEEK    ;目的のシリンダへシークします（V1，20ms） '0msに改
       2B1E                     REDAGN:
002B1E 2B1E 3E05             7      LD  A,5 ;リトライ･カウンタ
       2B20                     REDRTY:
002B20 2B20 F5              11      PUSH    AF
002B21 2B21 E5              11      PUSH    HL
002B22 2B22 3E80             7      LD  A,10000000B ;リード･データ（サイド比較なし）
002B24 2B24 CD692C          17      CALL    set_sector_number_and_execute_FDC_coomand   ;FDCにセクタ番号をセットして、FDCコマンドを実行します
002B27 2B27 D5              11      PUSH    DE
002B28 2B28 11FBF8          10      LD  DE,0F8FBH
002B2B 2B2B 4B               4      LD  C,E ;BC←0FFBH 'データ･レジスタ
002B2C 2B2C ED78            12      IN  A,(C)
002B2E 2B2E 4A               4      LD  C,D ;BC←0FF8H
                                
002B2F 2B2F ED78            12  MPNYMI: IN  A,(C)
002B31 2B31 0F               4      RRCA        ;BUSY
002B32 2B32 300B            12      JR  NC,ENDRED
002B34 2B34 0F               4      RRCA        ;DATA REQUEST
002B35 2B35 30F8            12      JR  NC,MPNYMI
002B37 2B37 4B               4      LD  C,E ;BC←0FFBH 'データ･レジスタ
002B38 2B38 ED78            12      IN  A,(C)   ;FDより1バイト読みます
002B3A 2B3A 77               7      LD  (HL),A  ;メモリに書き込みます
002B3B 2B3B 23               6      INC HL
002B3C 2B3C 4A               4      LD  C,D ;BC←0FF8H
002B3D 2B3D 18F0            12      JR  MPNYMI
                                
                                ;   NOT READY，RECORD NOT FOUND，CRC ERROR，LOST DATA
002B3F 2B3F E64E             7  ENDRED: AND 01001110B   ;10011100B
002B41 2B41 D1              10      POP DE
002B42 2B42 280B            12      JR  Z,CNTRED
                                ;   エラー
002B44 2B44 E1              10      POP HL  ;HL←読み込み先頭アドレス
002B45 2B45 F1              10      POP AF  ;Acc←リトライ･カウンタ
002B46 2B46 3D               4      DEC A
002B47 2B47 CACA2C          10      JP  Z,device_io_error   ;リトライでも回復不能
002B4A 2B4A CD882C          17      CALL    restore_and_seek    ;リストアして、目的のシリンダへシークします
002B4D 2B4D 18D1            12      JR  REDRTY  ;リトライします
                                
                                ;   ノー･エラー
002B4F 2B4F F1              10  CNTRED: POP AF  ;読み込み先頭アドレスを捨てます
002B50 2B50 F1              10      POP AF  ;リトライ･カウンタを捨てます
002B51 2B51 08               4      EX  AF,AF'  ;Acc←レコード数
002B52 2B52 3D               4      DEC A
002B53 2B53 CA792C          10      JP  Z,fdd_motor_off ;モータをオフします
002B56 2B56 08               4      EX  AF,AF'
002B57 2B57 CDA52C          17      CALL    count_up_sector ;セクタ番号のカウント･アップ
002B5A 2B5A 30C2            12      JR  NC,REDAGN
002B5C 2B5C 18BD            12      JR  AGNRDY
                                
                                
                                ;DWRITE本体
                                ;入力   HL←書き込みアドレス、DE←レコード番号、Acc←レコード数
                                ;   [disk_unit_number]参照
                                ;出力   CY＝0（Acc←0）なら成功、
                                ;   CY＝1（Acc←エラー･コード）なら失敗
                                ;破壊   AF，AF'
       2B5E                     write_disk_entity:
002B5E 2B5E C5              11      PUSH    BC
002B5F 2B5F D5              11      PUSH    DE
002B60 2B60 E5              11      PUSH    HL
002B61 2B61 CD682B          17      CALL    DWTSB   ;ディスクへ書き込みます
002B64 2B64 E1              10      POP HL
002B65 2B65 D1              10      POP DE
002B66 2B66 C1              10      POP BC
002B67 2B67 C9              10      RET
                                
                                
                                ;ディスクへ書き込みます
                                ;入力   HL←書き込みアドレス、DE←レコード番号、Acc←レコード数
                                ;   [disk_unit_number]参照
                                ;出力   CY＝0（Acc←0）なら成功、
                                ;   CY＝1（Acc←エラー･コード）なら失敗
                                ;破壊   AF，HL，DE，BC，AF'
       2B68                     DWTSB:
002B68 2B68 ED73D72C        20      LD  (SPBUFF),SP ;リターン･スタック･ポインタ
002B6C 2B6C CDB82B          17      CALL    get_track_number_and_sector_number_from_record_number   ;レコード番号より、トラック番号とセクタ番号を得ます
002B6F 2B6F CDDC2B          17      CALL    get_ready_to_access_disk    ;ディスクをアクセス可能にします
       2B72                     AGNWRT:
002B72 2B72 CD0F2C          17      CALL    SEEK    ;目的のシリンダへシークします（V1，20ms） '0msに改
       2B75                     WRTAGN:
002B75 2B75 3E05             7      LD  A,5 ;リトライ･カウンタ
       2B77                     WRTRTY:
002B77 2B77 F5              11      PUSH    AF
002B78 2B78 E5              11      PUSH    HL
002B79 2B79 3EA0             7      LD  A,10100000B ;ライト･データ（サイド比較なし）
002B7B 2B7B CD692C          17      CALL    set_sector_number_and_execute_FDC_coomand   ;FDCにセクタ番号をセットして、FDCコマンドを実行します
002B7E 2B7E D5              11      PUSH    DE
002B7F 2B7F 11FBF8          10      LD  DE,0F8FBH
                                
002B82 2B82 ED78            12  MPNWRT: IN  A,(C)
002B84 2B84 0F               4      RRCA        ;BUSY
002B85 2B85 300B            12      JR  NC,ENDWRT
002B87 2B87 0F               4      RRCA        ;DATA REQUEST
002B88 2B88 30F8            12      JR  NC,MPNWRT
002B8A 2B8A 7E               7      LD  A,(HL)  ;メモリから読みます
002B8B 2B8B 4B               4      LD  C,E ;BC←0FFBH 'データ･レジスタ
002B8C 2B8C ED79            12      OUT (C),A   ;FDに1バイト書き込みます
002B8E 2B8E 23               6      INC HL
002B8F 2B8F 4A               4      LD  C,D ;BC←0FF8H
002B90 2B90 18F0            12      JR  MPNWRT
                                
       2B92                     ENDWRT:
002B92 2B92 CB6F             8      BIT 5,A ;b6 WRITE PROTECT
002B94 2B94 C2C72C          10      JP  NZ,write_protect_error  ;エラー
                                ;   NOT READY，WRITE PROTECT，WRITE FAULT，RECORD NOT FOUND，CRC ERROR，LOST DATA
002B97 2B97 E67E             7      AND 01111110B   ;11111100B
002B99 2B99 D1              10      POP DE
002B9A 2B9A 280D            12      JR  Z,CNTWRT
                                ;   エラー
002B9C 2B9C E1              10      POP HL  ;HL←読み込み先頭アドレス
002B9D 2B9D F1              10      POP AF  ;Acc←リトライ･カウンタ
002B9E 2B9E 3D               4      DEC A
002B9F 2B9F 2003            12      JR  NZ,WTRTYL
002BA1 2BA1 C3CA2C          10      JP  device_io_error ;リトライでも回復不能
       2BA4                     WTRTYL:
002BA4 2BA4 CD882C          17      CALL restore_and_seek   ;リストアして、目的のシリンダへシークします
002BA7 2BA7 18CE            12      JR  WRTRTY  ;リトライします
                                
                                ;   ノー･エラー
       2BA9                     CNTWRT:
002BA9 2BA9 F1              10      POP AF  ;読み込み先頭アドレスを捨てます
002BAA 2BAA F1              10      POP AF  ;リトライ･カウンタを捨てます
002BAB 2BAB 08               4      EX  AF,AF'  ;Acc←レコード数
002BAC 2BAC 3D               4      DEC A
002BAD 2BAD CA792C          10      JP  Z,fdd_motor_off ;モータをオフします
002BB0 2BB0 08               4      EX  AF,AF'
002BB1 2BB1 CDA52C          17      CALL    count_up_sector ;セクタ番号のカウント･アップ
002BB4 2BB4 30BF            12      JR  NC,WRTAGN
002BB6 2BB6 18BA            12      JR  AGNWRT
                                
                                
                                ;レコード番号より、トラック番号とセクタ番号を得ます
                                ;入力   DE←レコード番号、Acc←レコード数
                                ;   [disk_unit_number]参照
                                ;出力   D←トラック番号、E←セクタ番号、Acc'←レコード数
                                ;破壊   AF，DE，AF'
       2BB8                     get_track_number_and_sector_number_from_record_number:
002BB8 2BB8 E5              11      PUSH HL
002BB9 2BB9 6F               4      LD  L,A ;L←レコード数
002BBA 2BBA 08               4      EX  AF,AF'  ;AF'
002BBB 2BBB 2604             7      LD  H,4
002BBD 2BBD 3EFF             7      LD  A,0FFH  ;H A'←04FFH
002BBF 2BBF 2D               4      DEC L   ;L←レコード数－1
002BC0 2BC0 95               4      SUB L   ;H A'←04FFH－（レコード数－1）
002BC1 2BC1 6F               4      LD  L,A ;HL←0500H－レコード数
002BC2 2BC2 B7               4      OR  A
002BC3 2BC3 ED52            15      SBC HL,DE   ;（0500H－レコード数）－レコード番号
002BC5 2BC5 E1              10      POP HL
002BC6 2BC6 DAC12C          10      JP  C,bad_sector_error
002BC9 2BC9 7B               4      LD  A,E
       2BCA                     RLLOP:
002BCA 2BCA 07               4      RLCA
002BCB 2BCB CB12             8      RL  D
002BCD 2BCD 07               4      RLCA
002BCE 2BCE CB12             8      RL  D
002BD0 2BD0 07               4      RLCA
002BD1 2BD1 CB12             8      RL  D
002BD3 2BD3 07               4      RLCA
002BD4 2BD4 CB12             8      RL  D   ;D←トラック番号
002BD6 2BD6 7B               4      LD  A,E
002BD7 2BD7 E60F             7      AND 0FH
002BD9 2BD9 3C               4      INC A
002BDA 2BDA 5F               4      LD  E,A ;E←セクタ番号
002BDB 2BDB C9              10      RET
                                
                                
                                ;ディスクをアクセス可能にします
                                ;入力   D←トラック番号
                                ;出力   D←シリンダ番号、[disk_unit_number b4]←サイド、B←0FH
                                ;破壊   AF，BC
       2BDC                     get_ready_to_access_disk:
002BDC 2BDC E5              11      PUSH    HL
002BDD 2BDD F3               4      DI
002BDE 2BDE CD352C          17      CALL check_FDC  ;FDCをチェックします
002BE1 2BE1 3A062B          13      LD  A,(disk_unit_number)
002BE4 2BE4 E603             7      AND 00000011B
002BE6 2BE6 CB3A             8      SRL D   ;D←シリンダ番号
002BE8 2BE8 3002            12      JR  NC,J1
002BEA 2BEA F610             7      OR  00010000B
002BEC 2BEC F680             7  J1: OR  10000000B
002BEE 2BEE 32062B          13      LD  (disk_unit_number),A    ;[disk_unit_number]←I／O 0FFCHに書き込む値
002BF1 2BF1 0EFC             7      LD  C,0FCH  ;BC←0FFCH
002BF3 2BF3 ED79            12      OUT (C),A   ;モータ･オン
002BF5 2BF5 D5              11      PUSH    DE
002BF6 2BF6 1E03             7  DBSY:   LD  E,3
002BF8 2BF8 210000          10      LD  HL,0
002BFB 2BFB 01F80F          10      LD  BC,0FF8H
                                
                                ;   ディスクが正常回転するまで、196,608ループまで待ちます
       2BFE                     RDYWT1:
002BFE 2BFE ED78            12      IN  A,(C)
002C00 2C00 E681             7      AND 10000001B
002C02 2C02 282E            12      JR  Z,RTRDYS    ;POPリターン
002C04 2C04 2B               6      DEC HL
002C05 2C05 7C               4      LD  A,H
002C06 2C06 B5               4      OR  L
002C07 2C07 20F5            12      JR  NZ,RDYWT1
002C09 2C09 1D               4      DEC E
002C0A 2C0A 20F2            12      JR  NZ,RDYWT1
002C0C 2C0C C3C42C          10      JP  device_offline_error
                                
                                
                                ;目的のシリンダへシークします（V1，20ms） '0msに改
                                ;入力   D←シリンダ番号、B←0FH
                                ;出力   なし
                                ;破壊   AF，C
       2C0F                     SEEK:
002C0F 2C0F 0EFB             7      LD  C,0FBH  ;BC←0FFBH 'データ･レジスタ
002C11 2C11 ED51            12      OUT (C),D   ;FDCデータ･レジスタ←シリンダ番号
002C13 2C13 E5              11      PUSH HL
002C14 2C14 CD5A2C          17      CALL get_cylinder_buffer_address    ;シリンダ･バッファのアドレスを得ます
002C17 2C17 7E               7      LD  A,(HL)
002C18 2C18 0EF9             7      LD  C,0F9H  ;BC←0FF9H 'トラック･レジスタ
002C1A 2C1A ED79            12      OUT (C),A   ;FDCシリンダ･レジスタ←現在シリンダ番号
002C1C 2C1C 72               7      LD  (HL),D  ;シリンダ･バッファの更新
002C1D 2C1D E1              10      POP HL
002C1E 2C1E 0EF8             7      LD  C,0F8H  ;BC←0FF8H
                                ;   LD  A,00011110B ;シーク（V1，20ms）
002C20 2C20 3E1C             7      LD  A,00011100B ;シーク（V1， 0ms）
002C22 2C22 ED79            12      OUT (C),A
                                
                                
                                ;FDCレディ待ち
                                ;出力   なし
                                ;破壊   AF，BC
       2C24                     wait_for_FDC_ready:
                                ;   115.5μs（462ts）待ちます
002C24 2C24 E5              11      PUSH    HL  ;11ts
002C25 2C25 D5              11      PUSH    DE  ;11ts
002C26 2C26 0620             7      LD  B,32    ; 7ts
       2C28                     SELF:
002C28 2C28 10FE            13      DJNZ    SELF    ;411ts
002C2A 2C2A 01F80F          10      LD  BC,0FF8H    ;10ts
                                
       2C2D                     BSYLP1:
002C2D 2C2D ED78            12      IN  A,(C)   ;12ts
002C2F 2C2F 0F               4      RRCA        ;BUSY
002C30 2C30 38FB            12      JR  C,BSYLP1
                                
       2C32                     RTRDYS:
002C32 2C32 D1              10      POP DE
002C33 2C33 E1              10      POP HL
002C34 2C34 C9              10      RET
                                
                                
                                ;FDCをチェックします
                                ;出力   B←0FH
                                ;破壊   AF，BC
       2C35                     check_FDC:
002C35 2C35 D5              11      PUSH    DE
002C36 2C36 16FF             7      LD  D,255
                                
002C38 2C38 01FB0F          10  check_FDCL: LD  BC,0FFBH    ;データ･レジスタ
002C3B 2C3B 3EA5             7      LD  A,0A5H
002C3D 2C3D ED79            12      OUT (C),A
                                ;   139.5μs待ちます
002C3F 2C3F 3E10             7      LD  A,16
002C41 2C41 CD532C          17      CALL wait_8usec ;8μs単位で待ちます
002C44 2C44 ED78            12      IN  A,(C)
002C46 2C46 FEA5             7      CP  0A5H
002C48 2C48 2002            12      JR  NZ,J2
002C4A 2C4A D1              10      POP DE
002C4B 2C4B C9              10      RET     ;FDCが正常動作
002C4C 2C4C 15               4  J2: DEC D
002C4D 2C4D 20E9            12      JR  NZ,check_FDCL
                                
                                ;   FDCが正常でない
002C4F 2C4F D1              10      POP DE
002C50 2C50 C3C42C          10      JP  device_offline_error
                                
                                
                                ;8μs単位で待ちます
                                ;入力   Acc←カウンタ
                                ;出力   32×Acc＋10ts待ちます
                                ;破壊   AF
       2C53                     wait_8usec:
                                ;   1ループ32ts
002C53 2C53 3D               4      DEC A   ; 4ts
002C54 2C54 2A3412          16      LD  HL,(1234H)  ;16ts
002C57 2C57 20FA            12      JR  NZ,wait_8usec   ;12ts
002C59 2C59 C9              10      RET     ;10ts
                                
                                
                                ;シリンダ･バッファのアドレスを得ます
                                ;入力   [disk_unit_number b3～b0]←ユニット番号（0～3）
                                ;出力   HL←対応するシリンダ･バッファのアドレス
                                ;破壊   AF，HL
       2C5A                     get_cylinder_buffer_address:
002C5A 2C5A 21D92C          10      LD  HL,DSKTRK   ;シリンダ･バッファ
002C5D 2C5D D5              11      PUSH    DE
002C5E 2C5E 3A062B          13      LD  A,(disk_unit_number)
002C61 2C61 E60F             7      AND 00001111B
002C63 2C63 5F               4      LD  E,A
002C64 2C64 1600             7      LD  D,0
002C66 2C66 19              11      ADD HL,DE
002C67 2C67 D1              10      POP DE
002C68 2C68 C9              10      RET
                                
                                
                                ;FDCにセクタ番号をセットして、FDCコマンドを実行します
                                ;入力   E←セクタ番号、Acc←FDCコマンド、B←0FH
                                ;出力   C←F8H
                                ;破壊   AF，C
       2C69                     set_sector_number_and_execute_FDC_coomand:
002C69 2C69 FB               4      EI
002C6A 2C6A 0EFA             7      LD  C,0FAH  ;BC←0FFAH 'セクタ･レジスタ
002C6C 2C6C F3               4      DI
002C6D 2C6D ED59            12      OUT (C),E   ;FDCセクタ･レジスタ←セクタ番号
002C6F 2C6F 0EF8             7      LD  C,0F8H  ;BC←0FF8H
002C71 2C71 ED79            12      OUT (C),A
                                ;   31μs（124ts）待ちます
002C73 2C73 3E07             7      LD  A,7 ;7ts
002C75 2C75 3D               4  J3: DEC A   ;---ts
002C76 2C76 20FD            12      JR  NZ,J3   ;107ts
002C78 2C78 C9              10      RET     ;10ts
                                
                                
                                ;モータをオフします
                                ;出力   CY＝0
       2C79                     fdd_motor_off:
002C79 2C79 F5              11      PUSH    AF
002C7A 2C7A 01FC0F          10      LD  BC,0FFCH
002C7D 2C7D 3A062B          13      LD  A,(disk_unit_number)
002C80 2C80 E603             7      AND 00000011B
002C82 2C82 ED79            12      OUT (C),A
002C84 2C84 F1              10      POP AF
002C85 2C85 FB               4      EI
002C86 2C86 B7               4      OR  A
002C87 2C87 C9              10      RET
                                
                                
                                ;リストアして、目的のシリンダへシークします
                                ;出力   D←シリンダ番号、B←0FH
                                ;破壊   BC
       2C88                     restore_and_seek:
002C88 2C88 F5              11      PUSH    AF
002C89 2C89 E5              11      PUSH    HL
002C8A 2C8A D5              11      PUSH    DE
002C8B 2C8B CD5A2C          17      CALL    get_cylinder_buffer_address ;シリンダ･バッファのアドレスを得ます
002C8E 2C8E 3600            10      LD  (HL),0
002C90 2C90 AF               4      XOR A
002C91 2C91 01F90F          10      LD  BC,0FF9H    ;トラック･レジスタ
002C94 2C94 ED79            12      OUT (C),A   ;FDCシリンダ･レジスタ←0
002C96 2C96 0D               4      DEC C   ;BC←0FF8H
                                ;   LD  A,00000010B ;リストア（V0，20ms）
002C97 2C97 3E00             7      LD  A,00000000B ;リストア（V0， 0ms）
002C99 2C99 ED79            12      OUT (C),A
002C9B 2C9B CD242C          17      CALL    wait_for_FDC_ready  ;FDCレディ待ち
002C9E 2C9E D1              10      POP DE
002C9F 2C9F CD0F2C          17      CALL    SEEK    ;目的のシリンダへシークします（V1，20ms） '0msに改
002CA2 2CA2 E1              10      POP HL
002CA3 2CA3 F1              10      POP AF
002CA4 2CA4 C9              10      RET
                                
                                
                                ;セクタ番号のカウント･アップ
                                ;入力   E←セクタ番号、D←シリンダ番号、B←0FH
                                ;出力   CY＝1ならシリンダの更新が必要
                                ;破壊   AF，DE，C
       2CA5                     count_up_sector:
002CA5 2CA5 1C               4      INC E
002CA6 2CA6 3E10             7      LD  A,16
002CA8 2CA8 BB               4      CP  E
002CA9 2CA9 D0              11      RET NC  ;セクタ番号2～16
                                
                                ;   トラックのカウント･アップ
002CAA 2CAA 1E01             7      LD  E,1
002CAC 2CAC E5              11      PUSH    HL
002CAD 2CAD 21062B          10      LD  HL,disk_unit_number
002CB0 2CB0 7E               7      LD  A,(HL)
002CB1 2CB1 EE10             7      XOR 00010000B
002CB3 2CB3 77               7      LD  (HL),A
002CB4 2CB4 E610             7      AND 00010000B
002CB6 2CB6 2002            12      JR  NZ,BFIOST   ;サイド0へ
002CB8 2CB8 14               4      INC D   ;シリンダ番号のカウント･アップ
002CB9 2CB9 37               4      SCF
       2CBA                     BFIOST:
002CBA 2CBA 0EFC             7      LD  C,0FCH  ;BC←0FFCH
002CBC 2CBC 7E               7      LD  A,(HL)
002CBD 2CBD ED79            12      OUT (C),A   ;サイドの更新
002CBF 2CBF E1              10      POP HL
002CC0 2CC0 C9              10      RET
                                
                                
                                ;=======================
                                ;エラー･ジャンプ
                                ;=======================
                                
                                
002CC1 2CC1 3E05             7  bad_sector_error:   LD  A,5 ;Bad Record
002CC3 2CC3 01                      DB  01H ;「LD BC,」
002CC4 2CC4 3E02             7  device_offline_error:   LD  A,2 ;Device Offline
002CC6 2CC6 01                      DB  01H ;「LD BC,」
002CC7 2CC7 3E04             7  write_protect_error:    LD  A,4 ;Write Protected
002CC9 2CC9 01                      DB  01H ;「LD BC,」
002CCA 2CCA 3E01             7  device_io_error:    LD  A,1 ;Device I/O Error
002CCC 2CCC CD792C          17      CALL    fdd_motor_off   ;モータをオフします
002CCF 2CCF ED7BD72C        20      LD  SP,(SPBUFF) ;リターン･スタック･ポインタ
002CD3 2CD3 37               4      SCF
002CD4 2CD4 C9              10      RET
                                
                                
                                ;===============
                                ;内部ワーク
                                ;===============
                                
                                
002CD5 2CD5                     DSERJP: DS  2   ;未使用
002CD7 2CD7                     SPBUFF: DS  2   ;リターン･スタック･ポインタ
002CD9 2CD9                     DSKTRK: DS  4   ;各ユニットのシリンダ･バッファ
                                
                                
                                ;   RUN＆SUBMITルーチン組み込み
                                
                                ;　ファイルの先頭が3000Hで、サイズが7Kバイト（1C00H）
                                ;以内のファイルは、RAMディスク（デバイスE:）に、
                                ;メモリの3000H～4BFFHの内容が待避されます。
                                ;その場合は、RAMディスクのレコード0～13、18～31が使用されます。
                                ;よって、RAMディスクのディレクトリ領域は2レコードしか使えません。
                                ;このことは、RAMディスク（デバイスE:）を64Kバイト以内とみなしています。
                                
001CC0 1CC0                         ORG 1CC0H ; RUN&SUBMITルーチン･エリア
                                
                                
                                ;DOSモジュール、2152H番地よりジャンプしてきます（コマンドの拡張）
       1CC0                     execute_expanded_command:
001CC0 1CC0 FE3B             7      CP  ';' ;REMコマンド
001CC2 1CC2 C8              11      RET Z
001CC3 1CC3 FE50             7      CP  'P' ;ポーズ･コマンド
001CC5 1CC5 2808            12      JR  Z,RSPAU
001CC7 1CC7 FE20             7      CP  ' ' ;RUNコマンド
001CC9 1CC9 2820            12      JR  Z,RUN
001CCB 1CCB 3E0D             7      LD  A,13    ;Syntax Error
001CCD 1CCD 37               4      SCF
001CCE 1CCE C9              10      RET
                                
                                
                                ;モニタ 「;」コマンド処理
       1CCF                     RSPAU:
001CCF 1CCF CDE21F          17      CALL    _MPRNT
001CD2 1CD2 484954204B45590D        DB  'HIT KEY',0DH,00H
            00                  
                                
                                ;   キーがはなされるまで待ちます
001CDB 1CDB CDD01F          17  PAU0:   CALL    _GETKY
001CDE 1CDE B7               4      OR  A
001CDF 1CDF 20FA            12      JR  NZ,PAU0
                                
                                ;   CALL    _INKEY
001CE1 1CE1 CD651E          17      CALL    PAU1    ;バッチ･ファイルなどからキー入力させないため
001CE4 1CE4 FE1B             7      CP  1BH ;ESC
001CE6 1CE6 CADD1D          10      JP  Z,BOFF  ;[BATFLG]をクリアします
001CE9 1CE9 B7               4      OR  A
001CEA 1CEA C9              10      RET
                                
                                
                                ;モニタ Rコマンド処理
                                ;注：DEは、コマンドまたはバッチ変数の次のアドレスを示しています。
       1CEB                     RUN:
001CEB 1CEB 3E01             7      LD  A,1
001CED 1CED CDA31F          17      CALL    _FILE
001CF0 1CF0 1A               7      LD  A,(DE)
001CF1 1CF1 B7               4      OR  A
001CF2 1CF2 2801            12      JR  Z,RUN0
001CF4 1CF4 13               6      INC DE  ;パラメータの区切りをとばします
001CF5 1CF5 D5              11  RUN0:   PUSH    DE
001CF6 1CF6 CD0920          17      CALL    _ROPEN
001CF9 1CF9 DA791D          10      JP  C,BATCH ;ファイル属性が違った（バッチ･ファイル）かも知れない
                                ;   CALL    CMNDQ   ;コマンド･ファイルならRAMディスクにメモリを待避します
001CFC 1CFC                         DS  3,00H
001CFF 1CFF CDA61F          17      CALL    _RDD
001D02 1D02 D1              10      POP DE
001D03 1D03 3806            12      JR  C,RUN1
001D05 1D05 2A6E1F          16      LD  HL,(_EXADR)
001D08 1D08 CD811F          17      CALL    _HL
001D0B 1D0B F5              11  RUN1:   PUSH    AF
001D0C 1D0C 3A331E          13      LD  A,(COMF)    ;メモリ待避フラグ
001D0F 1D0F B7               4      OR  A
001D10 1D10 C4441D          17      CALL    NZ,CWRT ;待避したメモリを元に戻します
001D13 1D13 F1              10      POP AF
001D14 1D14 C9              10      RET
                                
                                
                                ;コマンド･ファイル（先頭3000Hで、サイズ7Kバイト以下）ならRAMディスクにメモリを待避します
                                ;入力   [_DTADR]、[_SIZE]参照
                                ;出力   なし
                                ;破壊   AF，HL，DE，AF'
       1D15                     CMNDQ:
001D15 1D15 AF               4      XOR A
001D16 1D16 32331E          13      LD  (COMF),A    ;メモリ待避フラグ
001D19 1D19 2A701F          16      LD  HL,(_DTADR)
001D1C 1D1C 110030          10      LD  DE,3000H
001D1F 1D1F ED52            15      SBC HL,DE
001D21 1D21 C0              11      RET NZ  ;先頭アドレスが3000H以外だった
                                
                                ;   先頭アドレスが3000H
001D22 1D22 2A721F          16      LD  HL,(_SIZE)
                                ;   LD  DE,-1C00H
001D25 1D25 11FFE3          10      LD  DE,-1C01H   ;深谷崇さんより
001D28 1D28 19              11      ADD HL,DE
001D29 1D29 D8              11      RET C   ;サイズが1C00Hより大きい
                                
                                ;   サイズが7Kバイト（1C00H）以下
                                ;   メモリを待避します
001D2A 1D2A 3A5D1F          13      LD  A,(_DSK)
001D2D 1D2D F5              11      PUSH    AF
001D2E 1D2E CD501D          17      CALL    SET1    ;アクセスするデバイスをRAMディスクにして、メモリ待避用のパラメータ（前半）を得ます
001D31 1D31 CD0320          17      CALL    _DWTSB
001D34 1D34 CD5E1D          17      CALL    SET2    ;メモリ待避用のパラメータ（後半）を得ます
001D37 1D37 CD0320          17      CALL    _DWTSB
001D3A 1D3A F1              10      POP AF
001D3B 1D3B 325D1F          13      LD  (_DSK),A
001D3E 1D3E 3E01             7      LD  A,1
001D40 1D40 32331E          13      LD  (COMF),A    ;メモリ待避フラグ
001D43 1D43 C9              10      RET
                                
                                
                                ;待避したメモリを元に戻します
                                ;入力   なし
                                ;出力   [_DSK]←「E」、HL←3000H、DE←0、Acc←14
                                ;破壊   AF，HL，DE，AF'
       1D44                     CWRT:
001D44 1D44 CD501D          17      CALL    SET1    ;アクセスするデバイスをRAMディスクにして、メモリ待避用のパラメータ（前半）を得ます
001D47 1D47 CD0020          17      CALL    _DRDSB
001D4A 1D4A CD5E1D          17      CALL    SET2    ;メモリ待避用のパラメータ（後半）を得ます
001D4D 1D4D C30020          10      JP  _DRDSB
                                
                                
                                ;アクセスするデバイスをRAMディスクにして、メモリ待避用のパラメータ（前半）を得ます
                                ;入力   なし
                                ;出力   [_DSK]←「E」、HL←3000H、DE←0、Acc←14
                                ;破壊   A，HL，DE
       1D50                     SET1:
001D50 1D50 3E45             7      LD  A,'E'
001D52 1D52 325D1F          13      LD  (_DSK),A
001D55 1D55 210030          10      LD  HL,3000H
001D58 1D58 110000          10      LD  DE,0
001D5B 1D5B 3E0E             7      LD  A,14
001D5D 1D5D C9              10      RET
                                
                                
                                ;メモリ待避用のパラメータ（後半）を得ます
                                ;入力   なし
                                ;出力   HL←3E00H、DE←18、Acc←14
                                ;破壊   A，HL，DE
       1D5E                     SET2:
001D5E 1D5E 21003E          10      LD  HL,3E00H
001D61 1D61 111200          10      LD  DE,18
001D64 1D64 3E0E             7      LD  A,14
001D66 1D66 C9              10      RET
                                
                                
                                ;=======================
                                ;#HOT（1F7EH）のっとり
                                ;=======================
                                
                                
                                ;AUTOEXEC.BATの自動実行
       1D67                     run_auto_execute_batch:
001D67 1D67 21FA1F          10      LD  HL,_HOT
001D6A 1D6A 227E1F          16      LD  (_USR),HL
001D6D 1D6D 113D1E          10      LD  DE,AUTNAM
001D70 1D70 CDCD1F          17      CALL    _BRKEY
001D73 1D73 C4EB1C          17      CALL    NZ,RUN
001D76 1D76 C3FA1F          10      JP  _HOT
                                
                                
                                ;モニタ Rコマンド処理の続き（バッチ･ファイル）
                                ;入力   スタック←ファイル名のあとにあるパラメータのアドレス
                                ;注：
                                ;　バッチ変数があれば、バッチ変数バッファに格納します。
                                ;　DEは、コマンドまたはバッチ変数の次のアドレスを示しています。
       1D79                     BATCH:
                                ;   POP DE  ;DE←パラメータのアドレス
                                ;   CALL    BOFF    ;[BATFLG]をクリアします
                                ;   CP  6   ;ファイル属性の不一致
                                ;   SCF
                                ;   RET NZ
                                
                                ; ; 01H以外のファイル属性のファイル
                                ;   LD  HL,(_IBFAD)
                                ;   LD  A,(HL)  ;Acc←ファイル属性
                                ; ;注：
                                ; ;　ここはソースとコメントのリセットするビットが違います。
                                ; ;ソースはb6（書き込み禁止属性）、コメントはb5（ベリファイON属性）。
                                ;   AND 0BFH    ;「1101 1111」←オリジナルのコメント（多分間違い）
                                ;   CP  4
                                ;   LD  A,6 ;Bad File Mode
                                ;   SCF
                                ;   RET NZ  ;アスキー･ファイルでなかった
                                
                                ; ; アスキー･ファイルだった
                                ;   LD  BC,1EH
                                ;   ADD HL,BC   ;HL←FCBバッファのクラスタ番号の部分
                                ;   CALL    STTRK   ;[BTRK]と[BREC]を設定します
                                ;   CALL    STPARA  ;バッチ変数をバッチ変数バッファを読み込みます
                                ;   LD  A,(_DSK)
                                ;   LD  (BDEV),A    ;バッチ･ファイルのあるデバイス
                                ;   LD  A,16+1
                                ;   LD  (BCNT),A    ;バッチ･ファイルの現在クラスタの残りレコード数＋1
                                ;   XOR A
                                ;   DEC A   ;Acc←FFH
                                ;   LD  (BTPNT),A   ;バッチ･ファイルのバッファの前回のリード位置
                                ;   LD  (BATFLG),A  ;＝FFH（0以外）でバッチ･ファイル実行中
001D79 1D79 C9              10      RET
                                
                                
                                ;[BTRK]と[BREC]を設定します
                                ;入力   [HL]←クラスタ番号
                                ;出力   [BTRK]←クラスタ番号、[BREC]←レコード番号
                                ;破壊   AF，HL
       1D7A                     STTRK:
001D7A 1D7A 7E               7      LD  A,(HL)  ;Acc←クラスタ番号
001D7B 1D7B 32351E          13      LD  (BTRK),A    ;バッチ･ファイルの現在クラスタ番号
001D7E 1D7E 6F               4      LD  L,A
001D7F 1D7F 2600             7      LD  H,0 ;HL←クラスタ番号
001D81 1D81 29              11      ADD HL,HL
001D82 1D82 29              11      ADD HL,HL
001D83 1D83 29              11      ADD HL,HL
001D84 1D84 29              11      ADD HL,HL   ;HL←クラスタ番号×16
001D85 1D85 22361E          16      LD  (BREC),HL   ;バッチ･ファイルのあるレコード番号
001D88 1D88 C9              10      RET
                                
                                
                                ;バッチ変数をバッチ変数バッファを読み込みます
                                ;入力   DE←パラメータのアドレス
                                ;出力   [BPRBF～]←バッチ変数
                                ;破壊   AF，HL，DE，BC
       1D89                     STPARA:
                                ;   バッチ変数バッファをクリアします
                                ;   LD  HL,BPRBF    ;バッチ変数バッファ
                                ;   LD  (HL),0
                                ;   PUSH    DE
                                ;   PUSH    HL
                                ;   LD  D,H
                                ;   LD  E,L
                                ;   INC DE  ;DE←BPRBF＋1
                                ;   LD  BC,179
                                ;   LDIR        ;[BPRBF～BPRBF＋179]をクリア
                                ;   POP HL  ;HL←BPRBF
                                ;   POP DE  ;DE←パラメータのアドレス
                                
                                ;   LD  A,(DE)  ;Acc←パラメータの先頭
                                ;   CP  ':'
                                ;   JR  NZ,STP0
                                ;   INC DE  ;「:」をスキップ
                                ; STP0: LD  C,9 ;バッチ変数は￥1～￥9の9個
                                
                                ; STPAR0:   LD  B,19    ;バッチ変数1個につき20バイト
                                
                                ; ; バッチ変数をバッチ変数バッファに転送します
                                ; STPAR1:   LD  A,(DE)
                                ;   OR  A
                                ;   RET Z
                                ;   CP  ' ' ;バッチ変数の区切り
                                ;   JR  Z,STPAR3    ;区切りに達した
                                ;   LD  (HL),A
                                ;   INC HL
                                ;   INC DE
                                ;   DJNZ    STPAR1
                                
                                ; STPAR2:   INC HL
                                ;   DEC C
                                ;   JR  NZ,STPAR0
                                
001D89 1D89 C9              10      RET
                                
                                ;   アドレスをスキップします
                                ; STPAR3:   INC DE
                                ; STPAR4:   INC HL
                                ;   DJNZ    STPAR4
                                ;   JR  STPAR2
                                
                                
                                ;バッチ･ファイルから1文字を得ます
                                ;入力   なし
                                ;出力   CY＝0ならバッチ･ファイル実行中でAcc←キャラ
                                ;   CY＝1ならバッチ･ファイル実行中でないか、バッチ変数￥0が来た
                                ;破壊   AF，AF'
       1D8A                     BGET:
001D8A 1D8A 3A3B1E          13      LD  A,(BATFLG)  ;＝FFH（0以外）でバッチ･ファイル実行中
001D8D 1D8D B7               4      OR  A
001D8E 1D8E 37               4      SCF
001D8F 1D8F C8              11      RET Z
                                
                                ;   バッチ･ファイル実行中
001D90 1D90 C5              11      PUSH    BC
001D91 1D91 E5              11      PUSH    HL
001D92 1D92 3A3C1E          13      LD  A,(PARAF)   ;＝1（0以外）でバッチ変数アクセス中
001D95 1D95 B7               4      OR  A
001D96 1D96 280A            12      JR  Z,BGET0 ;バッチ変数アクセス中でない
                                
                                ;   バッチ変数アクセス中
001D98 1D98 2A391E          16  BPARA:  LD  HL,(BTPNT2) ;バッチ変数の現在アドレス
001D9B 1D9B 7E               7      LD  A,(HL)
001D9C 1D9C B7               4      OR  A
001D9D 1D9D 2016            12      JR  NZ,BPARA0   ;バッチ変数の終わりに達していない
                                
                                ;   バッチ変数の終わりに達した（[PARAF]のクリア）
001D9F 1D9F 323C1E          13      LD  (PARAF),A   ;＝1（0以外）でバッチ変数アクセス中
                                
                                ;   バッチ･ファイルから1バイト取り出します
001DA2 1DA2 CDC21D          17  BGET0:  CALL    get_one_byte_fro_batch_file ;バッチ･ファイルから1バイト取り出します
001DA5 1DA5 B7               4      OR  A
001DA6 1DA6 2813            12      JR  Z,BEND  ;バッチ･ファイルからリード終了
001DA8 1DA8 FE5C             7      CP  '\\'    ;バッチ変数
001DAA 1DAA 2005            12      JR  NZ,BGET1
                                
                                ;   バッチ変数
001DAC 1DAC CDDC1D          17      CALL    PARAQ   ;バッチ変数のアクセスを設定
001DAF 1DAF 30E7            12      JR  NC,BPARA    ;バッチ変数だった
                                
                                ;   リターンします（Acc←キャラ）
001DB1 1DB1 B7               4  BGET1:  OR  A   ;CY←0
001DB2 1DB2 E1              10      POP HL
001DB3 1DB3 C1              10      POP BC
001DB4 1DB4 C9              10      RET
                                
                                ;   バッチ変数バッファより1バイト取り出してリターンします
001DB5 1DB5 23               6  BPARA0: INC HL
001DB6 1DB6 22391E          16      LD  (BTPNT2),HL ;バッチ変数の現在アドレス
001DB9 1DB9 18F6            12      JR  BGET1
                                
                                ;   バッチ･ファイルを終わります
                                ;出力   CY←1、Acc←0
001DBB 1DBB CDDD1D          17  BEND:   CALL    BOFF    ;[BATFLG]をクリアします
001DBE 1DBE 37               4      SCF
001DBF 1DBF E1              10      POP HL
001DC0 1DC0 C1              10      POP BC
001DC1 1DC1 C9              10      RET
                                
                                
                                ;バッチ･ファイルから1バイト取り出します
                                ;入力   なし
                                ;出力   Acc←キャラ
                                ;   Acc＝0なら、バッチ･ファイルから読み込めなかった
                                ;破壊   AF，HL，AF'
       1DC2                     get_one_byte_fro_batch_file:
                                ;   CALL    _BRKEY
                                ;   LD  A,0
                                ;   RET Z   ;ブレイク･キーを押されていた
                                
                                ;   LD  HL,BTPNT    ;バッチ･ファイルのバッファの前回のリード位置
                                ;   INC (HL)
                                ;   JR  NZ,read_one_byte_from_buffer_of_batch_file  ;バッチ･ファイルのバッファから読み込み可能
                                
                                ; ; バッチ･ファイルのリード･バッファが空
                                ;   LD  HL,BCNT ;バッチ･ファイルの現在クラスタの残りレコード数＋1
                                ;   DEC (HL)
                                ;   JR  NZ,read_next_record_from_batch_file ;次のレコードを読みます
                                
                                ; ; 次のクラスタを読みます
                                ;   LD  (HL),16 ;[BCNT]←16
                                ;   PUSH    DE
                                ;   LD  DE,(_FATPS)
                                ;   LD  HL,BATBF    ;バッチ･ファイル用リード･バッファ（2D00H～2DFFH）
                                ;   CALL    RSREAD  ;バッチ･ファイルを読みます
                                ;   JR  C,error_read_from_buffer_of_batch_file  ;リード･エラー
                                ;   LD  A,(BTRK)    ;バッチ･ファイルの現在クラスタ番号
                                ;   LD  E,A
                                ;   LD  D,0 ;DE←バッチ･ファイルの現在クラスタ番号
                                ;   ADD HL,DE   ;HL←バッチ･ファイルのバッファの次のクラスタ番号の部分
                                ;   CALL    STTRK   ;[BTRK]と[BREC]を設定します
                                ;   POP DE
                                
                                ; ; 次のレコードを読みます
                                ; read_next_record_from_batch_file:
                                ;   PUSH    DE
                                ;   LD  DE,(BREC)   ;バッチ･ファイルの現在レコード番号
                                ;   LD  HL,BATBF    ;バッチ･ファイル用リード･バッファ（2D00H～2DFFH）
                                ;   CALL    RSREAD  ;バッチ･ファイルを読みます
                                ;   JR  C,error_read_from_buffer_of_batch_file  ;リード･エラー
                                ;   INC DE
                                ;   LD  (BREC),DE   ;バッチ･ファイルの現在レコード番号
                                ;   POP DE
                                
                                ; ; バッチ･ファイルのバッファより、1バイト取り出します
                                ; read_one_byte_from_buffer_of_batch_file:
                                ;   LD  HL,(BTPNT)  ;バッチ･ファイルのバッファの前回のリード位置
                                ;   LD  A,(HL)
001DC2 1DC2 C9              10      RET
                                
                                ;   バッチ･ファイルから読み込めなかった
       1DC3                     error_read_from_buffer_of_batch_file:
001DC3 1DC3 D1              10      POP DE
001DC4 1DC4 AF               4      XOR A   ;Acc←0
001DC5 1DC5 C9              10      RET
                                
                                
                                ;バッチ･ファイルを読みます
                                ;入力   HL←読み込みアドレス、DE←レコード番号
                                ;出力   CY＝1（Acc←エラー･コード）ならエラー
                                ;破壊   AF，AF'
       1DC6                     RSREAD:
001DC6 1DC6 3A5D1F          13      LD  A,(_DSK)
001DC9 1DC9 F5              11      PUSH    AF  ;スタック←もとのデバイス
001DCA 1DCA 3A341E          13      LD  A,(BDEV)    ;バッチ･ファイルのあるデバイス
001DCD 1DCD 325D1F          13      LD  (_DSK),A    ;一時的にバッチ･ファイルのデバイスに
001DD0 1DD0 3E01             7      LD  A,1 ;1レコード
001DD2 1DD2 CD0020          17      CALL    _DRDSB
001DD5 1DD5 08               4      EX  AF,AF'
001DD6 1DD6 F1              10      POP AF  ;Acc←もとのデバイス
001DD7 1DD7 325D1F          13      LD  (_DSK),A    ;デバイスをもとに戻します
001DDA 1DDA 08               4      EX  AF,AF'
001DDB 1DDB C9              10      RET
                                
                                
                                ;バッチ変数のアクセスを設定
                                ;入力   なし
                                ;出力   CY＝1ならバッチ変数でなかった（Acc←キャラ）
                                ;破壊   AF，HL，BC，AF'
       1DDC                     PARAQ:
                                ;   CALL    get_one_byte_fro_batch_file ;バッチ･ファイルから1バイト取り出します
                                ;   CP  '0'
                                ;   RET C
                                ;   CP  '9'+1
                                ;   CCF
                                ;   RET C
                                
                                ; ; バッチ変数￥0～￥9
                                ;   SUB '0'
                                ;   JR  Z,PAR00 ;「\0」だった
                                
                                ; ; バッチ変数￥1～￥9
                                ;   LD  L,A
                                ;   LD  H,0 ;HL←1～9
                                ;   ADD HL,HL
                                ;   ADD HL,HL   ;HL←(1～9)×4
                                ;   LD  B,H
                                ;   LD  C,L ;BC←(1～9)×4
                                ;   ADD HL,HL
                                ;   ADD HL,HL   ;HL←(1～9)×16
                                ;   ADD HL,BC   ;HL←(1～9)×20
                                ;   LD  BC,BPRBF-20 ;バッチ変数バッファ
                                ;   ADD HL,BC   ;HL←バッチ変数に対応するバッファのアドレス
                                ;   LD  (BTPNT2),HL ;バッチ変数の現在アドレス
                                ;   XOR A   ;CY←0
                                ;   INC A   ;Acc←1
                                ;   LD  (PARAF),A   ;＝1（0以外）でバッチ変数アクセス中
                                ;   RET
                                
                                ; ; バッチ変数￥0（BGETルーチンを呼び出したルーチンにCY＝1で戻ります）
                                ; PAR00:    CALL    get_one_byte_fro_batch_file ;バッチ･ファイルから1バイト取り出します
                                ;   OR  A
                                ;   JR  Z,PAR01
                                ;   CP  0DH ;RET
                                ;   JR  NZ,PAR00    ;CRコードのスキップ
                                ; PAR01:    POP HL  ;戻り番地のキャンセル
                                
                                ; ; BGETルーチンのスタックに保存したレジスタをもとに戻します
                                ;   POP HL
                                ;   POP BC
                                
                                ;   CALL    _BELL
                                ;   SCF
001DDC 1DDC C9              10      RET
                                
                                
                                ;[BATFLG]をクリアします
                                ;破壊   なし
       1DDD                     BOFF:
001DDD 1DDD F5              11      PUSH    AF
001DDE 1DDE AF               4      XOR A
001DDF 1DDF 323B1E          13      LD  (BATFLG),A  ;＝FFH（0以外）でバッチ･ファイル実行中
001DE2 1DE2 F1              10      POP AF
001DE3 1DE3 C9              10      RET
                                
                                
                                ;===============================
                                ;#FLGET（2021H）のっとり
                                ;===============================
                                
                                
       1DE4                     BFLGET:
001DE4 1DE4 CD8A1D          17      CALL    BGET    ;バッチ･ファイルから1文字を得ます
001DE7 1DE7 D0              11      RET NC
                                ;   ここのジャンプ先は、機種によって違います
                                ;   JP  1CA0H   ;本来の#FLGETルーチンへ（バグ処理ルーチン経由）
001DE8 1DE8 C3CA1F          10      JP  _INKEY
                                
                                
                                ;=======================
                                ;#GETL（1FD3H）のっとり
                                ;=======================
                                
                                
                                ;1F2CH番地よりジャンプして来る（バグ回避のため）
                                ;破壊   AF，BC
       1DEB                     BGETL:
                                ;   論理行頭にカーソルがあるかを、カーソルx座標でチェックします（少し問題あり）
001DEB 1DEB D5              11      PUSH    DE
001DEC 1DEC E5              11      PUSH    HL
001DED 1DED CD1820          17      CALL    _CSR
001DF0 1DF0 7D               4      LD  A,L
001DF1 1DF1 B7               4      OR  A
001DF2 1DF2 280B            12      JR  Z,BGETL0    ;x座標が0
                                
                                ;   x座標が0でなかった
001DF4 1DF4 47               4      LD  B,A ;B←文字数
001DF5 1DF5 2E00             7      LD  L,0 ;L←0（x座標）
                                
                                ;   画面からカーソル位置までのキャラを1行入力バッファに転送します
001DF7 1DF7 CD1B20          17  BGTLL:  CALL    _SCRN
001DFA 1DFA 12               7      LD  (DE),A
001DFB 1DFB 13               6      INC DE
001DFC 1DFC 2C               4      INC L
001DFD 1DFD 10F8            13      DJNZ    BGTLL
                                
                                ;   バッチ･ファイルからの入力
001DFF 1DFF CD8A1D          17  BGETL0: CALL    BGET    ;バッチ･ファイルから1文字を得ます
001E02 1E02 3005            12      JR  NC,BGETL1   ;バッチ･ファイルから入力があった
001E04 1E04 E1              10      POP HL
001E05 1E05 D1              10      POP DE
                                ;   ここのジャンプ先は機種によって違います
                                ;   JP  1610H   ;本来の#GETL
001E06 1E06 C3D31F          10      JP  _GETL
                                
                                ;
001E09 1E09 CD191E          17  BGETL1: CALL    print_one_character ;画面に1文字表示します（プリンタには出力しません）
001E0C 1E0C FE0D             7      CP  0DH ;RET
001E0E 1E0E 2804            12      JR  Z,BGETL2
001E10 1E10 12               7      LD  (DE),A  ;1行入力バッファ←キャラ
001E11 1E11 13               6      INC DE
001E12 1E12 18EB            12      JR  BGETL0
                                
                                ;   1行入力された
001E14 1E14 AF               4  BGETL2: XOR A   ;Acc←ターミネータ
001E15 1E15 12               7      LD  (DE),A  ;1行入力バッファ←ターミネータ
001E16 1E16 E1              10      POP HL
001E17 1E17 D1              10      POP DE
001E18 1E18 C9              10      RET
                                
                                
                                ;画面に1文字表示します（プリンタには出力しません）
                                ;入力   Acc←キャラ
                                ;出力   なし
                                ;破壊   F，AF'
       1E19                     print_one_character:
001E19 1E19 08               4      EX  AF,AF'
001E1A 1E1A 3A7C1F          13      LD  A,(_LPSW)
001E1D 1E1D 08               4      EX  AF,AF'
001E1E 1E1E CDD61F          17      CALL    _LPTOF
001E21 1E21 CDF41F          17      CALL    _PRINT
001E24 1E24 08               4      EX  AF,AF'
001E25 1E25 B7               4      OR  A
001E26 1E26 C4D91F          17      CALL    NZ,_LPTON
001E29 1E29 08               4      EX  AF,AF'
001E2A 1E2A C9              10      RET
                                
                                
                                ;===============================
                                ;#ERROR（2033H）のっとり
                                ;===============================
                                
                                
       1E2B                     RSERR:
001E2B 1E2B CDDD1D          17      CALL    BOFF    ;[BATFLG]をクリアします
001E2E 1E2E B7               4      OR  A
001E2F 1E2F C8              11      RET Z   ;Acc＝0ならエラー表示をしません
001E30 1E30 C36328          10      JP  ERROR
                                
                                
                                ;=======
                                ;フラグ
                                ;=======
                                
                                
001E33 1E33                     COMF:   DS  1   ;＝1で、RAMディスクへメモリ3000H～4BFFHの待避が行われた
001E34 1E34                     BDEV:   DS  1   ;バッチ･ファイルのあるデバイス
001E35 1E35                     BTRK:   DS  1   ;バッチ･ファイルの現在クラスタ番号
001E36 1E36                     BREC:   DS  2   ;バッチ･ファイルの現在レコード番号
001E38 1E38                     BCNT:   DS  1   ;バッチ･ファイルの現在クラスタの残りレコード数＋1
                                ; BTPNT:    DW  BATBF   ;下位はバッチ･ファイルのバッファの前回のリード位置
001E39 1E39                     BTPNT2: DS  2   ;バッチ変数の現在アドレス
001E3B 1E3B                     BATFLG: DS  1   ;＝FFH（0以外）でバッチ･ファイル実行中
001E3C 1E3C                     PARAF:  DS  1   ;＝1（0以外）でバッチ変数アクセス中
                                ;AUTNAM:    DB  'A:AUTOEXEC.BAT'    ;自動実行ファイル名
                                ;   DS  4
001E3D 1E3D 4155544F45584543    AUTNAM: DB  'AUTOEXEC.BAT',00H  ;自動実行ファイル名（カレント･ドライブより）
            2E42415400          
001E4A 1E4A                         DS  5
                                
                                
                                ;===============
                                ;バグ回避
                                ;===============
                                
                                
                                ;#GETL（1FD3H）のっとり
                                ;1F2CH
       1E4F                     BGETLX:
001E4F 1E4F C5              11      PUSH    BC
001E50 1E50 08               4      EX  AF,AF'
001E51 1E51 F5              11      PUSH    AF
001E52 1E52 08               4      EX  AF,AF'
001E53 1E53 CDEB1D          17      CALL    BGETL
001E56 1E56 08               4      EX  AF,AF'
001E57 1E57 F1              10      POP AF
001E58 1E58 08               4      EX  AF,AF'
001E59 1E59 C1              10      POP BC
001E5A 1E5A C9              10      RET
                                
                                
                                ;#FLGET（2021H）のっとり
                                ;1F38H
       1E5B                     BFLGTX:
001E5B 1E5B 08               4      EX  AF,AF'
001E5C 1E5C F5              11      PUSH    AF
001E5D 1E5D 08               4      EX  AF,AF'
001E5E 1E5E CDE41D          17      CALL    BFLGET
001E61 1E61 08               4      EX  AF,AF'
001E62 1E62 F1              10      POP AF
001E63 1E63 08               4      EX  AF,AF'
001E64 1E64 C9              10      RET
                                
                                
                                ;バッチ･ファイルなどからキー入力させないため（キーが押されるまで待ちます）
001E65 1E65 CDD01F          17  PAU1:   CALL    _GETKY
001E68 1E68 B7               4      OR  A
001E69 1E69 28FA            12      JR  Z,PAU1
001E6B 1E6B C9              10      RET
                                
                                
                                ;=======================
                                ;S-OSワーク･エリア
                                ;=======================
                                
                                
001F5B 1F5B                         ORG 1F5BH
001F5B 1F5B 19                  _MXLIN: DB  25  ;1F5BH 画面の行数。SORD M23版では25。
001F5C 1F5C 50                  _WIDTH: DB  80  ;1F5CH 画面の桁数。SOR M23版では80。
001F5D 1F5D 41                  _DSK:   DB  'A' ;1F5DH アクセスしようとするデバイス名
001F5E 1F5E 0E00                _FATPS: DW  000EH   ;1F5EH FATのあるレコード番号。デフォルトは000Eh (トラック0セクタ15)。
001F60 1F60 1000                _DIRPS: DW  0010H   ;1F60H ディレクトリの始まるレコード番号。デフォルトは0010h(1Dではトラック1セクタ1)。
001F62 1F62 002E                _FATBF: DW  2E00H   ;1F62H '2E00H～2EFFH FATリード用バッファ(256Byte)の先頭アドレス。デフォルトは2E00h。
001F64 1F64 002F                _DTBUF: DW  2F00H   ;1F64H '2F00H～2FFFH ディスクリード用バッファ(256Byte)の先頭アドレス。デフォルトは2F00h。
001F66 1F66 50                  _MXTRK: DB  80  ;1F66H 80トラック
001F67 1F67                     _DIRNO: DS  1   ;1F67H _FCBで使用するワーク。何番目のファイルか。
001F68 1F68 0000                _WKSIZ: DW  0   ;1F68H 256バイト単位 特殊ワークのサイズ。P6版では2800hがデフォルト。
001F6A 1F6A                     _MEMAX: DS  2   ;1F6AH メモリの上限     ユーザエリアの上限 (最終アドレス+1)。P6版ではD000hがデフォルト。
001F6C 1F6C 00F9                _STKAD: DW  0F900H  ;1F6CH '通常のスタック スタックの初期値。P6版ではF900hがデフォルト。
001F6E 1F6E                     _EXADR: DS  2   ;1F6EH ファイルの実行アドレス。
001F70 1F70                     _DTADR: DS  2   ;1F70H ファイルの先頭アドレス。
001F72 1F72                     _SIZE:  DS  2   ;1F72H ファイルサイズ。
001F74 1F74 CC04                _IBFAD: DW  fcb_buffer  ;1F74H ファイルのインフォメーションブロックの先頭アドレス。同時にファイル属性のアドレスでもある。
001F76 1F76 0002                _KBFAD: DW  keyboard_buffer ;1F76H キー入力に使えるバッファのアドレス。LD DE,(#KBFAD) CALL #GETLなどとする。P6版では内部ワークに81バイトの領域を確保してある。
001F78 1F78 FC04                _XYADR: DW  display_cursor_XY_not_use   ;1F78H 'ダミー カーソル座標が格納してあるアドレス。
001F7A 1F7A FE04                _PRCNT: DW  number_of_character_after_CR    ;1F7AH '未使用 改行後に表示した文字数を格納してあるアドレス。
001F7C 1F7C 00                  _LPSW:  DB  0   ;1F7CH 0以外なら、表示ルーチンを呼ぶとプリンタにも出力する。
001F7D 1F7D 00                  _DVSW:  DB  0   ;1F7CH 'S-OS 2400bps 'ダミー テープフォーマット。0:共通 1:各機種 3:QD。P6版では1がデフォルト。
001F7E 1F7E FA1F                _USR:   DW  _HOT;1F7EH '通常_HOTが入ります コールドスタート後にジャンプするアドレス。デフォルトは#HOT。
                                ;NEXT   1F82H
                                
                                
                                ;===============================
                                ;S-OSジャンプ･テーブル
                                ;===============================
001F80 1F80                         ORG 1F80H
001F80 1F80 E1              10  _GETPC:         POP HL      ;1F80H
001F81 1F81 E9               4  _HL:            JP  (HL)    ;1F81H
                                
001F82 1F82                         DS  3   ;1F82H 'MSXでは「MBIOS」
001F85 1F85                         DS  3   ;1F85H
001F88 1F88                         DS  3   ;1F88H
001F8B 1F8B C35B0C          10  BPRNT:          JP  BPRNT0  ;1F8BH
                                
001F8E 1F8E                         ORG 1F8EH
001F8E 1F8E C36E0D          10  _MON:           JP  MON     ;1F8EH
001F91 1F91 C38B0B          10  _peek_entity:   JP  peek_entity ;1F91H
001F94 1F94 C36B0B          10  _PEEK:          JP  PEEK    ;1F94H
001F97 1F97 C3750B          10  _poke_entity:   JP  poke_entity ;1F97H
001F9A 1F9A C35F0B          10  _POKE:          JP  POKE    ;1F9AH
001F9D 1F9D C32D08          10  _FPRNT:         JP  FPRNT   ;1F9DH
001FA0 1FA0 C34D08          10  _FSAME:         JP  FSAME   ;1FA0H
001FA3 1FA3 C37708          10  _FILE:          JP  FILE    ;1FA3H
001FA6 1FA6 C34623          10  _RDD:           JP  RDD     ;1FA6H
001FA9 1FA9 C37323          10  _FCB:           JP  GETFCB  ;1FA9H 'MACE #RDI
001FAC 1FAC C32423          10  _WRD:           JP  WRD     ;1FACH
001FAF 1FAF C3AA22          10  _WOPEN:         JP  WOPEN   ;1FAFH 'MACE #WRI
001FB2 1FB2 C3A407          10  _HLHEX:         JP  HLHEX   ;1FB2H
001FB5 1FB5 C39307          10  _2HEX:          JP  AHEX    ;1FB5H
001FB8 1FB8 C37807          10  _HEX:           JP  HEX     ;1FB8H
001FBB 1FBB C36B07          10  _ASC:           JP  ASC     ;1FBBH
001FBE 1FBE C36307          10  _print_hex_4_digit:         JP  print_hex_4_digit   ;1FBEH
001FC1 1FC1 C34807          10  _print_hex_2_digit:         JP  print_hex_2_digit   ;1FC1H
001FC4 1FC4 C3DA07          10  _BELL:          JP  BELL    ;1FC4H
001FC7 1FC7 C3F307          10  _PAUSE:         JP  PAUSE   ;1FC7H
001FCA 1FCA C32A08          10  _INKEY:         JP  INKEY   ;1FCAH
001FCD 1FCD C3DF07          10  _BRKEY:         JP  BRKEY   ;1FCDH
001FD0 1FD0 C3DE07          10  _GETKY:         JP  GETKY   ;1FD0H
001FD3 1FD3 C32C08          10  _GETL:          JP  GETL    ;1FD3H
001FD6 1FD6 C3DD07          10  _LPTOF:         JP  LPTOF   ;1FD6H
001FD9 1FD9 C3DC07          10  _LPTON:         JP  LPTON   ;1FD9H
001FDC 1FDC C3DB07          10  _LPRNT:         JP  LPRNT   ;1FDCH
001FDF 1FDF C32707          10  _TAB:           JP  TAB     ;1FDFH
001FE2 1FE2 C31407          10  _MPRNT:         JP  MPRNT   ;1FE2H
001FE5 1FE5 C30007          10  _MSX:           JP  MSX     ;1FE5H
001FE8 1FE8 C3EC06          10  _MSG:           JP  MSG     ;1FE8H
001FEB 1FEB C3D606          10  _NL:            JP  NL      ;1FEBH
001FEE 1FEE C3CE06          10  _LTNL:          JP  LTNL    ;1FEEH
001FF1 1FF1 C3C606          10  _PRNTS:         JP  PRNTS   ;1FF1H
001FF4 1FF4 C33C0C          10  _PRINT:         JP  PRINT   ;1FF4H
001FF7 1FF7 C3BC06          10  _VER:           JP  VER     ;1FF7H 
001FFA 1FFA C30021          10  _HOT:           JP  sos_monitor ;1FFAH SOSのモニタ
001FFD 1FFD C32006          10  _COLD:          JP  COLD    ;1FFDH
                                ;   SWORDで拡張された部分
002000 2000 C33B25          10  _DRDSB:         JP  read_disk   ;2000H
002003 2003 C35125          10  _DWTSB:         JP  write_disk  ;2003H
002006 2006 C31024          10  _DIR:           JP  DIR     ;2006H
002009 2009 C3F122          10  _ROPEN:         JP  ROPEN   ;2009H
00200C 200C C3FF24          10  _SET:           JP  SETP    ;200CH
00200F 200F C31D25          10  _RESET:         JP  RESET   ;200FH
002012 2012 C3A324          10  _NAME:          JP  NAME    ;2012H
002015 2015 C36E24          10  _KILL:          JP  KILL    ;2015H
002018 2018 C3B107          10  _CSR:           JP  CSR     ;2018H
00201B 201B C3CC07          10  _SCRN:          JP  SCRN    ;201BH
00201E 201E C3BE07          10  _LOC:           JP  LOC     ;201EH
002021 2021 C32B08          10  _FLGET:         JP  FLGET   ;2021H
002024 2024 C3A425          10  _RDVSW:         JP  RDVSW   ;2024H
002027 2027 C3C025          10  _SDVSW:         JP  SDVSW   ;2027H
00202A 202A C3510B          10  _INP:           JP  INP     ;202AH
00202D 202D C3580B          10  _OUT:           JP  OUTP    ;202DH
002030 2030 C3D707          10  _WIDCH:         JP  WIDCH   ;2030H
002033 2033 C32B1E          10  _ERROR:         JP  RSERR   ;2033H
                                ; Oh! MZ 1986/2に載っているのはここまで
                                
002036 2036 C3B906          10  _BOOT:          JP  BOOT    ;2036H
                                ;NEXT   2039H
002039 2039 C33E0B          10  GTPRC:          JP  get_logical_column  ;2039H
00203C 203C C3D907          10  LINCH:          JP  LINCH0  ;203CH
                                ;NEXT   203FH
                                
                                ;   204BH～20FEHはバッチ変数バッファ
                                
                                ;   _ETRK（20FFH）はデバイス「E:」のクラスタ数
                                
                                ;   共通DOSモジュール組み込み（20FFH～28CCH）
                                    ; INCLUDE   SWEMDOS
                                
0020FF 20FF                         ORG 20FFH
0020FF 20FF                     _ETRK:  DS  1   ;RAMディスクのクラスタ数
                                
                                ;
                                ; DOSモジュールの始まり
                                ;
002100 2100                         ORG 2100H
                                
                                ;〈セーブ動作〉
                                ;　「_FILE」「_WOPEN」「_WRD」の順で呼び出します。
                                
                                ;〈ロード動作〉
                                ;　「_FILE」「_ROPEN」「_RDD」の順で呼び出します。
                                
                                
                                ;===============
                                ;モニタ処理
                                ;===============
                                
                                
       2100                     sos_monitor:
002100 2100 ED7B6C1F        20      LD  SP,(_STKAD)
002104 2104 CDD61F          17      CALL    _LPTOF
002107 2107 3E23             7      LD  A,'#'
002109 2109 CDF41F          17      CALL    _PRINT
00210C 210C ED5B761F        20      LD  DE,(_KBFAD)
002110 2110 CDD31F          17      CALL    _GETL
002113 2113 CD1B21          17      CALL    sos_monitor_command_routine
002116 2116 DC3320          17      CALL    C,_ERROR
002119 2119 18E5            12      JR  sos_monitor
                                
                                
                                ;コマンド･ライン･ルーチン
                                ;出力   CY＝1でエラー
       211B                     sos_monitor_command_routine:
00211B 211B 1A               7      LD  A,(DE)
00211C 211C FE23             7      CP  '#'
00211E 211E 2802            12      JR  Z,$+4
002120 2120 B7               4      OR  A
002121 2121 C9              10      RET
                                ;   INC DE
                                ;   LD  A,(DE)
                                ;   INC DE
002122 2122 CDCB28          17      CALL    sos_monitor_command_routine1
002125 2125 B7               4      OR  A
002126 2126 C8              11      RET Z
002127 2127 FE21             7      CP  '!'
002129 2129 CA3620          10      JP  Z,_BOOT ;ブート
00212C 212C FE4A             7      CP  'J'
00212E 212E CA7221          10      JP  Z,JUMP  ;ジャンプ
002131 2131 FE4C             7      CP  'L'
002133 2133 CAE121          10      JP  Z,LOAD  ;ロード
002136 2136 FE4B             7      CP  'K'
002138 2138 CA3822          10      JP  Z,MKILL ;デリート
00213B 213B FE4E             7      CP  'N'
00213D 213D CA7122          10      JP  Z,MNAME ;リネーム
002140 2140 FE4D             7      CP  'M'
002142 2142 CA8221          10      JP  Z,DOSMON    ;モニタ
002145 2145 FE57             7      CP  'W'
002147 2147 CA8222          10      JP  Z,MWIDTH    ;表示桁
00214A 214A FE53             7      CP  'S'
00214C 214C 2808            12      JR  Z,CMDSB1    ;プロテクト（ST），セーブ（S）
00214E 214E FE44             7      CP  'D'
002150 2150 2812            12      JR  Z,CMDSB2    ;デフォルト･デバイス（DV），ディレクトリ（D）
                                ;   LD  A,13    ;Syntax Error
                                ;   SCF
                                ;   RET
002152 2152 C3C01C          10      JP  execute_expanded_command
002155 2155                         DS  1
                                
                                
                                ;モニタ Sxコマンド処理
       2156                     CMDSB1:
002156 2156 1A               7      LD  A,(DE)
002157 2157 CD220D          17      CALL    convert_lower_case_to_upper_case    ;小文字→大文字変換
00215A 215A 13               6      INC DE
00215B 215B FE54             7      CP  'T'
00215D 215D CA4322          10      JP  Z,MSET  ;モニタ STコマンド処理
002160 2160 1B               6      DEC DE
002161 2161 C39221          10      JP  SAVE    ;モニタ Sコマンド処理
                                
                                
                                ;モニタ Dxコマンド処理
       2164                     CMDSB2:
002164 2164 1A               7      LD  A,(DE)
002165 2165 CD220D          17      CALL    convert_lower_case_to_upper_case    ;小文字→大文字変換
002168 2168 13               6      INC DE
002169 2169 FE56             7      CP  'V'
00216B 216B CA5C22          10      JP  Z,DEVST ;モニタ DVコマンド処理
00216E 216E 1B               6      DEC DE
00216F 216F C38521          10      JP  MDIR    ;モニタ Dコマンド処理
                                
                                
                                ;モニタ Jコマンド処理
002172 2172 CD9422          17  JUMP:   CALL    SPCUT   ;文字列の空白を読み飛ばします
002175 2175 CDB21F          17      CALL    _HLHEX
002178 2178 3E0D             7      LD  A,13    ;Syntax Error
00217A 217A D8              11      RET C
                                ;   6バイト
                                    ; IF    0
                                    ; EX    DE,HL
                                    ; LD    HL,sos_monitor
                                    ; EX    (SP),HL
                                    ; EX    DE,HL
                                    ; JP    (HL)
                                    ; ENDIF
                                ;   DE保存のための改定
00217B 217B E3              19      EX  (SP),HL ;スタック←ジャンプ先
00217C 217C 210021          10      LD  HL,sos_monitor
00217F 217F E3              19      EX  (SP),HL ;スタック←sos_monitor，HL←ジャンプ先
002180 2180 E9               4      JP  (HL)
002181 2181                         DS  1
                                
                                
                                ;モニタ Mコマンド処理
002182 2182 C38E1F          10  DOSMON: JP  _MON
                                
                                
                                ;モニタ Dコマンド処理
       2185                     MDIR:
002185 2185 CD9422          17      CALL    SPCUT   ;文字列の空白を読み飛ばします
002188 2188 CD9A22          17      CALL    GETDEV  ;文字列からデバイス名を得ます
00218B 218B 325D1F          13      LD  (_DSK),A
00218E 218E CD0620          17      CALL    _DIR
002191 2191 C9              10      RET
                                
                                
                                ;モニタ Sコマンド処理
       2192                     SAVE:
002192 2192 CD9422          17      CALL    SPCUT   ;文字列の空白を読み飛ばします
002195 2195 3E01             7      LD  A,1
002197 2197 CDA31F          17      CALL    _FILE
00219A 219A 1A               7      LD  A,(DE)
00219B 219B FE3A             7      CP  ':'
00219D 219D 203E            12      JR  NZ,SNERR
00219F 219F 13               6      INC DE
                                
0021A0 21A0 CDB21F          17      CALL    _HLHEX
0021A3 21A3 3838            12      JR  C,SNERR
0021A5 21A5 22701F          16      LD  (_DTADR),HL ;先頭アドレス
0021A8 21A8 226E1F          16      LD  (_EXADR),HL ;仮実行アドレス
0021AB 21AB 13               6      INC DE  ;「:」をスキップ
                                
0021AC 21AC CDB21F          17      CALL    _HLHEX
0021AF 21AF 382C            12      JR  C,SNERR
0021B1 21B1 D5              11      PUSH    DE
0021B2 21B2 ED5B701F        20      LD  DE,(_DTADR)
0021B6 21B6 B7               4      OR  A
0021B7 21B7 ED52            15      SBC HL,DE
0021B9 21B9 D1              10      POP DE
0021BA 21BA 3821            12      JR  C,SNERR
0021BC 21BC 23               6      INC HL
0021BD 21BD 22721F          16      LD  (_SIZE),HL  ;サイズ
0021C0 21C0 13               6      INC DE  ;「:」などをスキップ
                                
                                ;   実行アドレスが指定されているときだけ
0021C1 21C1 CDB21F          17      CALL    _HLHEX
0021C4 21C4 3803            12      JR  C,SAVE1
0021C6 21C6 226E1F          16      LD  (_EXADR),HL ;実行アドレス
                                
0021C9 21C9 CDAF1F          17  SAVE1:  CALL    _WOPEN
0021CC 21CC D8              11      RET C   ;エラー
0021CD 21CD CDAC1F          17      CALL    _WRD
0021D0 21D0 D8              11      RET C
0021D1 21D1 CDEB1F          17      CALL    _NL
0021D4 21D4 11F32A          10      LD  DE,OK
0021D7 21D7 CDE81F          17      CALL    _MSG
0021DA 21DA C3EB1F          10      JP  _NL
0021DD 21DD 3E0D             7  SNERR:  LD  A,13    ;Syntax Error
0021DF 21DF 37               4      SCF
0021E0 21E0 C9              10      RET
                                
                                
                                ;モニタ Lコマンド処理
       21E1                     LOAD:
0021E1 21E1 3E01             7      LD  A,1
0021E3 21E3 CDA31F          17      CALL    _FILE
0021E6 21E6 1A               7      LD  A,(DE)
0021E7 21E7 B7               4      OR  A
0021E8 21E8 322222          13      LD  (LDWORK+2),A    ;ロード･アドレス存在フラグ
0021EB 21EB 2809            12      JR  Z,LOAD1 ;ロード･アドレスの指定なし
                                ;   ロード･アドレスの指定あり
0021ED 21ED 13               6      INC DE
0021EE 21EE CDB21F          17      CALL    _HLHEX
0021F1 21F1 38EA            12      JR  C,SNERR ;ロード･アドレスが不正
0021F3 21F3 222022          16      LD  (LDWORK),HL ;←ロード･アドレス
                                
0021F6 21F6 CD0920          17  LOAD1:  CALL    _ROPEN
0021F9 21F9 D8              11      RET C   ;エラー
0021FA 21FA C42322          17      CALL    NZ,SKPRT    ;テープのスキップしているファイル名を表示します
0021FD 21FD 20F7            12      JR  NZ,LOAD1
                                
0021FF 21FF CDE21F          17      CALL    _MPRNT
002202 2202 4C6F6164696E6720        DB  'Loading ',00H
            00                  
00220B 220B CD9D1F          17      CALL    _FPRNT
00220E 220E CDEB1F          17      CALL    _NL
                                
                                ;   ロード･アドレスの設定
002211 2211 3A2222          13      LD  A,(LDWORK+2)
002214 2214 B7               4      OR  A
002215 2215 2806            12      JR  Z,LOAD3
002217 2217 2A2022          16      LD  HL,(LDWORK)
00221A 221A 22701F          16      LD  (_DTADR),HL
                                
                                ;   ロードします
00221D 221D C3A61F          10  LOAD3:  JP  _RDD
                                
002220 2220                     LDWORK: DS  2   ;ロード･アドレス
002222 2222                         DS  1   ;ロード･アドレス･フラグ（＝0でロード･アドレスが無効）
                                
                                
                                ;テープのスキップしているファイル名を表示します
                                ;破壊   DE
       2223                     SKPRT:
002223 2223 F5              11      PUSH    AF
002224 2224 CDE21F          17      CALL    _MPRNT
002227 2227 466F756E64202020        DB  'Found   ',00H
            00                  
002230 2230 CD9D1F          17      CALL    _FPRNT
002233 2233 CDEB1F          17      CALL    _NL
002236 2236 F1              10      POP AF
002237 2237 C9              10      RET
                                
                                
                                ;モニタ Kコマンド処理
       2238                     MKILL:
002238 2238 CD9422          17      CALL    SPCUT   ;文字列の空白を読み飛ばします
00223B 223B CDA31F          17      CALL    _FILE
00223E 223E D8              11      RET C   ;エラー
00223F 223F CD1520          17      CALL    _KILL
002242 2242 C9              10      RET
                                
                                
                                ;モニタ STコマンド処理
       2243                     MSET:
002243 2243 CD9422          17      CALL    SPCUT   ;文字列の空白を読み飛ばします
002246 2246 CDA31F          17      CALL    _FILE
002249 2249 13               6      INC DE
                                ;   CALL    SPCUT   ;文字列の空白を読み飛ばします
                                ;   LD  A,(DE)
00224A 224A CDD128          17      CALL    MSET1   ;小文字受け付けのため
00224D 224D 00               4      NOP
00224E 224E FE50             7      CP  'P'
002250 2250 CA0C20          10      JP  Z,_SET
002253 2253 FE52             7      CP  'R'
002255 2255 CA0F20          10      JP  Z,_RESET
                                ;   パラメータが「P」でも「R」でもない
002258 2258 3E0D             7      LD  A,13    ;Syntax Error
00225A 225A 37               4      SCF
00225B 225B C9              10      RET
                                
                                
                                ;モニタ DVコマンド処理
       225C                     DEVST:
00225C 225C CD9422          17      CALL    SPCUT   ;文字列の空白を読み飛ばします
00225F 225F 1A               7      LD  A,(DE)
002260 2260 CD220D          17      CALL    convert_lower_case_to_upper_case    ;小文字→大文字変換
002263 2263 CD1529          17      CALL    _DVCHK  ;デバイス名が正しいか（A～L，S，T，Q）かチェックします
002266 2266 3003            12      JR  NC,DEVST1
002268 2268 3E03             7      LD  A,3 ;Bad File Descripter
00226A 226A C9              10      RET
00226B 226B 325D1F          13  DEVST1: LD  (_DSK),A
00226E 226E C32720          10      JP  _SDVSW
                                
                                
                                ;モニタ Nコマンド処理
       2271                     MNAME:
002271 2271 CD9422          17      CALL    SPCUT   ;文字列の空白を読み飛ばします
002274 2274 CDA31F          17      CALL    _FILE
002277 2277 1A               7      LD  A,(DE)
002278 2278 13               6      INC DE
002279 2279 FE3A             7      CP  ':'
00227B 227B CA1220          10      JP  Z,_NAME
00227E 227E 3E0D             7      LD  A,13    ;Syntax Error
002280 2280 37               4      SCF
002281 2281 C9              10      RET
                                
                                
                                ;モニタ Wコマンド処理
                                ;注：80桁モード以外なら40桁モードにしています。
002282 2282 3A5C1F          13  MWIDTH: LD  A,(_WIDTH)
002285 2285 FE50             7      CP  80
002287 2287 2005            12      JR  NZ,MWDTH1
002289 2289 3E28             7      LD  A,40
00228B 228B C33020          10      JP  _WIDCH
00228E 228E 3E50             7  MWDTH1: LD  A,80
002290 2290 C33020          10      JP  _WIDCH
                                
                                
                                ;文字列の空白を読み飛ばします
                                ;入力   DE←文字列の先頭アドレス
                                ;出力   DE←カウント･アップ
                                ;破壊   AF，DE
002293 2293 13               6      INC DE
       2294                     SPCUT:
002294 2294 1A               7      LD  A,(DE)
002295 2295 FE20             7      CP  ' '
002297 2297 28FA            12      JR  Z,SPCUT-1
002299 2299 C9              10      RET
                                
                                
                                ;=======================================
                                ;拡張されたS-OSファンクション本体
                                ;=======================================
                                
                                
                                ;文字列からデバイス名を得ます
                                ;入力   DE←文字列のアドレス
                                ;出力   Acc←デバイス名、DE←カウント･アップ
                                ;破壊   AF，DE
                                ;注：
                                ;　小文字は大文字に変換されます。
                                ;　デバイス名が省略された場合、デフォルト･デバイスが採用されます。
       229A                     GETDEV:
00229A 229A CD9422          17      CALL    SPCUT   ;文字列の空白を読み飛ばします
                                ;   INC DE
                                ;   LD  A,(DE)  ;Acc←2文字目
                                ;   DEC DE
00229D 229D CDC428          17      CALL    GDVPAT  ;GETDEVのバグ回避
0022A0 22A0 FE3A             7      CP  ':'
0022A2 22A2 2803            12      JR  Z,$+5
0022A4 22A4 C3A425          10      JP  RDVSW   ;＝#RDVSW（2024H）
                                
0022A7 22A7 1A               7      LD  A,(DE)
0022A8 22A8 13               6      INC DE
0022A9 22A9 13               6      INC DE
                                
                                
                                ; ;小文字→大文字変換
                                ; ;入力 Acc←アスキー･コード
                                ; ;出力 Acc←変換されたアスキー･コード
                                ; ;破壊 AF
                                ; convert_lower_case_to_upper_case:
                                ;   CP  'a'
                                ;   RET C
                                ;   CP  'z'+1
                                ;   RET NC
                                ;   AND 11011111B   ;b5リセット
                                ;   RET
                                
                                
                                ;#WOPEN（1FAFH）の本体
                                ;注：
                                ;　仕様と違いAF'が破壊されます。
                                ;　テープではインフォメーション･ファイルを書き込み、
                                ;ディスクでは空きエリアをチェックします。
                                ;　正常終了CY＝0（Acc←0）。
       22AA                     WOPEN:
0022AA 22AA CD6C25          17      CALL    CLOSE   ;[_OPNFG]←0
0022AD 22AD 3A5D1F          13      LD  A,(_DSK)
0022B0 22B0 CD4828          17      CALL    check_device_name   ;デバイス名が正しいか（A～L，S，T，Q）かチェックします
0022B3 22B3 D8              11      RET C   ;エラー
0022B4 22B4 CA0629          10      JP  Z,_WRI  ;カセットにインフォメーション･ファイルをセーブします
                                
                                ;   テープ以外
0022B7 22B7 CD8825          17      CALL    check_FD_device_name    ;デバイス名がFDかチェックします
0022BA 22BA 3001            12      JR  NC,WOPEN1
0022BC 22BC C9              10      RET     ;エラー（テープ，ディスク以外）
                                
0022BD 22BD CDF626          17  WOPEN1: CALL    FATRED  ;FATを読みます
0022C0 22C0 D8              11      RET C   ;エラー
0022C1 22C1 CD6227          17      CALL    FCBSCH  ;ファイルを検索します（属性は無視）
0022C4 22C4 2016            12      JR  NZ,WOPEN2
                                
                                ;   同じファイル名のファイルがあった
0022C6 22C6 7E               7      LD  A,(HL)
0022C7 22C7 CD7325          17      CALL    check_write_protect ;ファイルのライト･プロテクトのチェック
0022CA 22CA D8              11      RET C   ;エラー
0022CB 22CB CD7B25          17      CALL    FMCHK   ;属性をチェックします
0022CE 22CE D8              11      RET C   ;エラー
                                ;
0022CF 22CF E5              11      PUSH    HL
0022D0 22D0 011E00          10      LD  BC,30
0022D3 22D3 09              11      ADD HL,BC
0022D4 22D4 7E               7      LD  A,(HL)  ;Acc←ファイルの開始クラスタ
0022D5 22D5 E1              10      POP HL
0022D6 22D6 CD4527          17      CALL    ERAFAT  ;FATバッファから指定のクラスタ･チェインをカットします
0022D9 22D9 D8              11      RET C   ;エラー
0022DA 22DA 1806            12      JR  WOPEN3
                                
                                ;   同じファイル名のファイルがなかった
0022DC 22DC CD9927          17  WOPEN2: CALL    FRESCH  ;ディスクに空きエリアがあるかチェックします
0022DF 22DF 3E09             7      LD  A,9 ;Bad Record
0022E1 22E1 D8              11      RET C   ;エラー
                                
0022E2 22E2 ED53D627        20  WOPEN3: LD  (DEBUF),DE  ;アクセスするレコード番号の一時保存場所
0022E6 22E6 22D827          16      LD  (HLBUF),HL  ;参照FCBのアドレスの一時保存場所
0022E9 22E9 CD3F29          17      CALL    _PARCS  ;S-OSのカセットのアドレス情報を、機種依存のワークに転送します
0022EC 22EC CD6725          17      CALL    OPEN    ;[_OPNFG]←1
0022EF 22EF AF               4      XOR A   ;CY←0，Acc←0
0022F0 22F0 C9              10      RET
                                
                                
                                ;#ROPEN（2009H）の本体
                                ;注：
                                ;　仕様と違いAF'が破壊されます。
                                ;　テープではインフォメーション･ファイルの読み込み、
                                ;ディスクではファイルの存在のチェック。
                                ;　正常終了CY＝0（Acc←0）。
       22F1                     ROPEN:
0022F1 22F1 CD6C25          17      CALL    CLOSE   ;[_OPNFG]←0
0022F4 22F4 3A5D1F          13      LD  A,(_DSK)
0022F7 22F7 CD4828          17      CALL    check_device_name   ;デバイス名が正しいか（A～L，S，T，Q）かチェックします
0022FA 22FA D8              11      RET C   ;エラー
0022FB 22FB CA0329          10      JP  Z,_TROPN    ;テープのリード･オープン
                                
                                ;   テープ以外
0022FE 22FE CD8825          17      CALL    check_FD_device_name    ;デバイス名がFDかチェックします
002301 2301 3001            12      JR  NC,ROPEN1
002303 2303 C9              10      RET     ;エラー（テープ，ディスク以外）
                                
                                ;   ディスクの場合
002304 2304 CD6227          17  ROPEN1: CALL    FCBSCH  ;ファイルを検索します（属性は無視）
002307 2307 D8              11      RET C   ;エラー
002308 2308 3E08             7      LD  A,8 ;File not Found
00230A 230A 37               4      SCF
00230B 230B C0              11      RET NZ  ;エラー（ファイルが見つからなかった）
                                
                                ;   一致したFCBを、FCBバッファに転送します
00230C 230C E5              11      PUSH    HL
00230D 230D ED5B741F        20      LD  DE,(_IBFAD)
002311 2311 012000          10      LD  BC,32
002314 2314 EDB0                    LDIR
002316 2316 E1              10      POP HL
                                
                                ;   属性を比較します
002317 2317 7E               7      LD  A,(HL)
002318 2318 CD7B25          17      CALL    FMCHK   ;属性をチェックします
00231B 231B D8              11      RET C   ;エラー
                                
                                ;   アドレス情報の転送など
00231C 231C CD2A29          17  ROPEN2: CALL    _PARSC  ;機種依存のカセットのアドレス情報を、S-OSのワークに転送します
00231F 231F CD6725          17      CALL    OPEN    ;[_OPNFG]←1
002322 2322 AF               4      XOR A   ;CY←0，Acc←0
002323 2323 C9              10      RET
                                
                                
                                ;#WRD（1FACH）の本体
                                ;注：
                                ;　仕様と違いAF'が破壊されます。
                                ;　正常終了CY＝0（Acc←0）。
       2324                     WRD:
002324 2324 3A5D1F          13      LD  A,(_DSK)
002327 2327 CD4828          17      CALL    check_device_name   ;デバイス名が正しいか（A～L，S，T，Q）かチェックします
00232A 232A D8              11      RET C   ;エラー
00232B 232B CA0929          10      JP  Z,_TWRD ;カセットにデータ･ファイルをセーブします
                                
                                ;   テープ以外
00232E 232E 3A1E29          13      LD  A,(_OPNFG)
002331 2331 B7               4      OR  A
002332 2332 2004            12      JR  NZ,WRD1
002334 2334 37               4      SCF
002335 2335 3E0C             7      LD  A,12    ;File not Open
002337 2337 C9              10      RET     ;オープンされてなかった
002338 2338 CD6C25          17  WRD1:   CALL    CLOSE   ;[_OPNFG]←0
00233B 233B 3A5D1F          13      LD  A,(_DSK)
00233E 233E CD8825          17      CALL    check_FD_device_name    ;デバイス名がFDかチェックします
002341 2341 D8              11      RET C   ;エラー（テープ，ディスク以外）
                                
                                ;   ディスクの場合
002342 2342 CD5326          17      CALL    DSAVE   ;ディスクにファイルを書き込みます
002345 2345 C9              10      RET
                                
                                
                                ;#RDD（1FA6H）の本体
                                ;注：
                                ;　仕様と違いAF'が破壊されます。
                                ;　正常終了CY＝0（Acc←0）。
                                ;　[_DIRNO]、[RETPOI]をクリアします。
       2346                     RDD:
002346 2346 3A5D1F          13      LD  A,(_DSK)
002349 2349 CD4828          17      CALL    check_device_name   ;デバイス名が正しいか（A～L，S，T，Q）かチェックします
00234C 234C D8              11      RET C   ;エラー
00234D 234D CA0C29          10      JP  Z,_TRDD ;カセットのデータ･ファイルをロードします
                                
                                ;   テープ以外
002350 2350 AF               4      XOR A
002351 2351 32671F          13      LD  (_DIRNO),A  ;クローズ処理
002354 2354 320F24          13      LD  (RETPOI),A  ;以前正しいFCBがロードされたかのフラグ
002357 2357 3A1E29          13      LD  A,(_OPNFG)
00235A 235A B7               4      OR  A
00235B 235B 2004            12      JR  NZ,RDD1
00235D 235D 37               4      SCF
00235E 235E 3E0C             7      LD  A,12    ;File not Open
002360 2360 C9              10      RET     ;オープンされてなかった
002361 2361 CD6C25          17  RDD1:   CALL    CLOSE   ;[_OPNFG]←0
002364 2364 3A5D1F          13      LD  A,(_DSK)
002367 2367 CD8825          17      CALL    check_FD_device_name    ;デバイス名がFDかチェックします
00236A 236A D8              11      RET C   ;エラー（テープ，ディスク以外）
                                
                                ;   ディスクの場合
00236B 236B CDF626          17      CALL    FATRED  ;FATを読みます
00236E 236E D8              11      RET C   ;エラー
00236F 236F CDDA25          17      CALL    DLOAD   ;ディスクからファイルを読み込みます
002372 2372 C9              10      RET
                                
                                
                                ;#FCB（1FA9H）の本体
                                ;〈解説〉
                                ;　ESCキーが押されていれば、CY＝1（Acc←8）で戻ります
                                ;（[_DIRNO]はクリア）。
                                ;　RETキーが押されていれば、[_DIRNO]をカウント･ダウン
                                ;（以前正しくロードされたFCB）。
                                ;注：
                                ;　仕様と違いAF'が破壊されます。
                                ;　ファイルのオープンと同等。
                                ;　正常終了CY＝0（Acc←0）。
       2373                     GETFCB:
002373 2373 CD6C25          17      CALL    CLOSE   ;[_OPNFG]←0
002376 2376 3A5D1F          13      LD  A,(_DSK)
002379 2379 CD4828          17      CALL    check_device_name   ;デバイス名が正しいか（A～L，S，T，Q）かチェックします
00237C 237C D8              11      RET C   ;エラー
00237D 237D 2009            12      JR  NZ,GETFC1   ;テープ以外
                                
                                ;   テープの場合
00237F 237F CDAB25          17      CALL    TRDVSW  ;#DVSWからテープのデバイス名を求めます
002382 2382 325D1F          13      LD  (_DSK),A
002385 2385 C30029          10      JP  _RDI    ;カセットのインフォメーション･ファイルをロードします
                                
                                ;   テープ以外
002388 2388 CDD01F          17  GETFC1: CALL    _GETKY
00238B 238B FE1B             7      CP  1BH ;ESC
00238D 238D CA0424          10      JP  Z,DEND  ;[_DIRNO]と[RETPOI]をクリアしてエラーNo.8でリターン
002390 2390 FE0D             7      CP  0DH ;RET
002392 2392 2006            12      JR  NZ,GETFC2
                                
                                ;   RETキーが押された場合
002394 2394 3A0F24          13      LD  A,(RETPOI)  ;以前正しいFCBがロードされたかのフラグ
002397 2397 B7               4      OR  A
002398 2398 205F            12      JR  NZ,DECPOI   ;[_DIRNO]をカウント･ダウンして、[RETPOI]をクリアしてエラーNo.8でリターン
                                
                                ;   [_DIRNO]に対応するレコードを読み込みます
00239A 239A 3A671F          13  GETFC2: LD  A,(_DIRNO)
00239D 239D 4F               4      LD  C,A ;C←[_DIRNO]
00239E 239E 0603             7      LD  B,3
0023A0 23A0 CB3F             8  SFR41:  SRL A   ;Acc←[_DIRNO]÷8
0023A2 23A2 10FC            13      DJNZ    SFR41
0023A4 23A4 2A601F          16      LD  HL,(_DIRPS)
0023A7 23A7 1600             7      LD  D,0
0023A9 23A9 5F               4      LD  E,A ;DE←[_DIRNO]÷8
0023AA 23AA 19              11      ADD HL,DE
0023AB 23AB EB               4      EX  DE,HL   ;DE←[_DIRNO]に対応するFCBが存在するディスクのレコード番号
0023AC 23AC 2A641F          16      LD  HL,(_DTBUF)
0023AF 23AF 3E01             7      LD  A,1
0023B1 23B1 CD3B25          17      CALL    read_disk   ;=#DRDSB（2000H）
0023B4 23B4 383D            12      JR  C,ERRRET    ;[_DIRNO]と[RETPOI]をクリア（AF保存）
                                
                                ;   有効なFCBかチェック
0023B6 23B6 79               4      LD  A,C ;Acc←[_DIRNO]
0023B7 23B7 E607             7      AND 00000111B
0023B9 23B9 0605             7      LD  B,5
0023BB 23BB 87               4  SFL51:  ADD A,A ;Acc←[_DIRNO]の下位3ビット×32
0023BC 23BC 10FD            13      DJNZ    SFL51
0023BE 23BE 2A641F          16      LD  HL,(_DTBUF)
0023C1 23C1 85               4      ADD A,L
0023C2 23C2 6F               4      LD  L,A
0023C3 23C3 3001            12      JR  NC,$+3
0023C5 23C5 24               4      INC H   ;HL←[_DTBUF]＋[_DIRNO]の下位3ビット×32
0023C6 23C6 7E               7      LD  A,(HL)  ;Acc←[_DIRNO]に対応するFCBの属性
0023C7 23C7 B7               4      OR  A
0023C8 23C8 2813            12      JR  Z,NEXT1 ;未使用FCB
0023CA 23CA FEFF             7      CP  0FFH    ;最後のFCBを通過したか
0023CC 23CC 2836            12      JR  Z,DEND  ;[_DIRNO]と[RETPOI]をクリアしてエラーNo.8でリターン
                                
0023CE 23CE ED5B741F        20      LD  DE,(_IBFAD)
0023D2 23D2 012000          10      LD  BC,32
0023D5 23D5 EDB0                    LDIR
0023D7 23D7 CDE323          17      CALL    INCPOI  ;[_DIRNO]をカウント･アップして、[RETPOI]に[_DIRNO]をコピーします
0023DA 23DA C31C23          10      JP  ROPEN2  ;アドレス情報の転送など
                                
                                ;   未使用FCBだった
0023DD 23DD CDE323          17  NEXT1:  CALL    INCPOI  ;[_DIRNO]をカウント･アップして、[RETPOI]に[_DIRNO]をコピーします
0023E0 23E0 30A6            12      JR  NC,GETFC1
0023E2 23E2 C9              10      RET
                                
                                
                                ;[_DIRNO]をカウント･アップして、[RETPOI]に[_DIRNO]をコピーします
                                ;入力   なし
                                ;出力   CY＝1なら、[_MXTRK]に達した、
                                ;   [_DIRNO]と[RETPOI]をクリアしてエラーNo.8でリターン
                                ;破壊   AF，HL
       23E3                     INCPOI:
0023E3 23E3 21671F          10      LD  HL,_DIRNO
0023E6 23E6 34              11      INC (HL)
0023E7 23E7 7E               7      LD  A,(HL)
0023E8 23E8 21661F          10      LD  HL,_MXTRK
0023EB 23EB BE               7      CP  (HL)
0023EC 23EC 2816            12      JR  Z,DEND  ;[_DIRNO]と[RETPOI]をクリアしてエラーNo.8でリターン
0023EE 23EE 320F24          13      LD  (RETPOI),A
0023F1 23F1 B7               4      OR  A
0023F2 23F2 C9              10      RET
                                
                                
                                ;[_DIRNO]と[RETPOI]をクリア（AF保存）
                                ;入力   なし
                                ;出力   [_DIRNO]←0、[RETPOI]←0
                                ;破壊   なし
       23F3                     ERRRET:
0023F3 23F3 F5              11      PUSH    AF
0023F4 23F4 CD0424          17      CALL    DEND    ;[_DIRNO]と[RETPOI]をクリアしてエラーNo.8でリターン
0023F7 23F7 F1              10      POP AF
0023F8 23F8 C9              10      RET
                                
                                
                                ;[_DIRNO]をカウント･ダウンして、[RETPOI]をクリアしてエラーNo.8でリターン
                                ;入力   なし
                                ;出力   [_DIRNO]をカウント･ダウン、[RETPOI]←0
                                ;破壊   AF，HL
       23F9                     DECPOI:
0023F9 23F9 21671F          10      LD  HL,_DIRNO
0023FC 23FC 7E               7      LD  A,(HL)
0023FD 23FD B7               4      OR  A
0023FE 23FE 2801            12      JR  Z,$+3
002400 2400 35              11      DEC (HL)
002401 2401 AF               4      XOR A
002402 2402 1804            12      JR  DEND1
                                
                                
                                ;[_DIRNO]と[RETPOI]をクリアしてエラーNo.8でリターン
                                ;入力   なし
                                ;出力   [_DIRNO]←0、[RETPOI]←0
                                ;破壊   AF
       2404                     DEND:
002404 2404 AF               4      XOR A
002405 2405 32671F          13      LD  (_DIRNO),A
002408 2408 320F24          13  DEND1:  LD  (RETPOI),A
00240B 240B 3E08             7      LD  A,8 ;File not Found
00240D 240D 37               4      SCF
00240E 240E C9              10      RET
                                
                                ;注：
                                ;　00H以外で、以前に正しいFCBがロードされたことをあらわします。
                                ;　#RDDを実行すると、クリアされます。
00240F 240F 00                  RETPOI: DB  0   ;以前正しいFCBがロードされたかのフラグ
                                
                                
                                ;#DIR（2006H）の本体
                                ;注：仕様と違いAF'が破壊されます。
       2410                     DIR:
002410 2410 3A5D1F          13      LD  A,(_DSK)
002413 2413 CD4828          17      CALL    check_device_name   ;デバイス名が正しいか（A～L，S，T，Q）かチェックします
002416 2416 D8              11      RET C   ;正しくなかった
002417 2417 CA0F29          10      JP  Z,_TDIR ;テープのディレクトリを表示します
                                
                                ;   テープ以外
00241A 241A CD8825          17      CALL    check_FD_device_name    ;デバイス名がFDかチェックします
00241D 241D D8              11      RET C   ;エラー（テープ，ディスク以外）
                                
                                ;   ディスク
00241E 241E CDF626          17      CALL    FATRED  ;FATを読みます
002421 2421 D8              11      RET C   ;エラー
002422 2422 3E24             7      LD  A,'$'
002424 2424 CDF41F          17      CALL    _PRINT
002427 2427 CD1827          17      CALL    FRECLU  ;空きクラスタ数を得ます
00242A 242A CDC11F          17      CALL    _print_hex_2_digit
00242D 242D 119028          10      LD  DE,cluster_free_message ;「 Clusters Free」
002430 2430 CDE51F          17      CALL    _MSX
002433 2433 0610             7      LD  B,16
002435 2435 ED5B601F        20      LD  DE,(_DIRPS)
                                
002439 2439 2A641F          16  DIRL:   LD  HL,(_DTBUF)
00243C 243C 3E01             7      LD  A,1
00243E 243E CD3B25          17      CALL    read_disk   ;=#DRDSB（2000H）
002441 2441 D8              11      RET C   ;エラー
002442 2442 CD4B24          17      CALL    DIRPRT  ;ディレクトリを1セクタ分表示します
002445 2445 C8              11      RET Z
002446 2446 13               6      INC DE
002447 2447 10F0            13      DJNZ    DIRL
                                
002449 2449 AF               4      XOR A
00244A 244A C9              10      RET
                                
                                
                                ;ディレクトリを1セクタ分表示します
                                ;入力   HL←ディレクトリのアドレス（256バイト)
                                ;出力   ZF＝1ならブレイクされた
                                ;破壊   AF，HL
       244B                     DIRPRT:
00244B 244B C5              11      PUSH    BC
00244C 244C D5              11      PUSH    DE
00244D 244D 0608             7      LD  B,8
                                
00244F 244F 7E               7  DIRPL:  LD  A,(HL)
002450 2450 B7               4      OR  A   ;＝00Hで未使用
002451 2451 280F            12      JR  Z,DIRN
002453 2453 FEFF             7      CP  0FFH    ;＝FFHで未使用領域
002455 2455 2812            12      JR  Z,DIRPE
002457 2457 CDDA27          17      CALL    PFNAM   ;ファイル情報を表示します
00245A 245A CDEE1F          17      CALL    _LTNL
00245D 245D CDC71F          17      CALL    _PAUSE
002460 2460 6924                    DW  DIRPE
002462 2462 112000          10  DIRN:   LD  DE,20H
002465 2465 19              11      ADD HL,DE
002466 2466 10E7            13      DJNZ    DIRPL
                                
002468 2468 3E                      DB  3EH
002469 2469 AF               4  DIRPE:  XOR A
00246A 246A D1              10      POP DE
00246B 246B C1              10      POP BC
00246C 246C B7               4      OR  A
00246D 246D C9              10      RET
                                
                                
                                ;#KILL（2015H）の本体
                                ;注：仕様と違いAF'が破壊されます。
       246E                     KILL:
00246E 246E 3A5D1F          13      LD  A,(_DSK)
002471 2471 CD9325          17      CALL    ALCHK   ;デバイス名がFDかチェックします
002474 2474 D8              11      RET C
002475 2475 CD8825          17      CALL    check_FD_device_name    ;デバイス名がFDかチェックします
002478 2478 D8              11      RET C
                                
                                ;   FATを読みます
002479 2479 CDF626          17      CALL    FATRED  ;FATを読みます
00247C 247C D8              11      RET C
                                
                                ;   ファイル名を検索
00247D 247D CD6227          17      CALL    FCBSCH  ;ファイルを検索します（属性は無視）
002480 2480 D8              11      RET C
002481 2481 3E08             7      LD  A,8 ;File not Found
002483 2483 37               4      SCF
002484 2484 C0              11      RET NZ  ;ファイルが見つからない
002485 2485 7E               7      LD  A,(HL)
002486 2486 CD7325          17      CALL    check_write_protect ;ファイルのライト･プロテクトのチェック
002489 2489 D8              11      RET C   ;エラー
                                
                                ;   ディレクトリ･バッファとFATバッファを書き換えます
00248A 248A 3600            10      LD  (HL),0  ;未使用をあらわします
00248C 248C E5              11      PUSH    HL
00248D 248D 011E00          10      LD  BC,30
002490 2490 09              11      ADD HL,BC
002491 2491 7E               7      LD  A,(HL)  ;Acc←ファイルの開始クラスタ
002492 2492 E1              10      POP HL
002493 2493 CD4527          17      CALL    ERAFAT  ;FATバッファから指定のクラスタ･チェインをカットします
002496 2496 D8              11      RET C   ;エラー
                                
                                ;   ディスクを書き換えます（先にディレクトリを）
002497 2497 2A641F          16      LD  HL,(_DTBUF)
00249A 249A 3E01             7      LD  A,1
00249C 249C CD5125          17      CALL    write_disk  ;=#DWRSB（2003H）の本体
00249F 249F D40727          17      CALL    NC,FATWRT   ;FATを書き込みます
0024A2 24A2 C9              10      RET
                                
                                
                                ;#NAME（2012H）の本体
                                ;注：仕様と違いAF'が破壊されます。
       24A3                     NAME:
0024A3 24A3 3A5D1F          13      LD  A,(_DSK)
0024A6 24A6 CD9325          17      CALL    ALCHK   ;デバイス名がFDかチェックします
0024A9 24A9 D8              11      RET C
0024AA 24AA CD8825          17      CALL    check_FD_device_name    ;デバイス名がFDかチェックします
0024AD 24AD D8              11      RET C
                                
                                ;   変更前のファイル名を検索
0024AE 24AE D5              11      PUSH    DE
0024AF 24AF CD6227          17      CALL    FCBSCH  ;ファイルを検索します（属性は無視）
0024B2 24B2 ED53D627        20      LD  (DEBUF),DE  ;アクセスするレコード番号の一時保存場所
0024B6 24B6 22D827          16      LD  (HLBUF),HL  ;参照FCBのアドレスの一時保存場所
0024B9 24B9 D1              10      POP DE
0024BA 24BA D8              11      RET C   ;エラー
0024BB 24BB 3E08             7      LD  A,8 ;File not Found
0024BD 24BD 37               4      SCF
0024BE 24BE C0              11      RET NZ  ;ファイルが見つからない
0024BF 24BF 7E               7      LD  A,(HL)
0024C0 24C0 CD7325          17      CALL    check_write_protect ;ファイルのライト･プロテクトのチェック
0024C3 24C3 D8              11      RET C   ;エラー
                                
                                ;   変更後のファイル名を検索
0024C4 24C4 3A5D1F          13      LD  A,(_DSK)
0024C7 24C7 F5              11      PUSH    AF
0024C8 24C8 CDA31F          17      CALL    _FILE
0024CB 24CB F1              10      POP AF
0024CC 24CC 325D1F          13      LD  (_DSK),A
0024CF 24CF CD6227          17      CALL    FCBSCH  ;ファイルを検索します（属性は無視）
0024D2 24D2 D8              11      RET C   ;エラー
0024D3 24D3 3E0A             7      LD  A,10    ;File Already Exists
0024D5 24D5 37               4      SCF
0024D6 24D6 C8              11      RET Z   ;変更しようとしたファイル名が既に存在した
                                
                                ;   ディレクトリを再読み込み（変更後のファイル名検索で、バッファ破壊のため）
0024D7 24D7 ED5BD627        20      LD  DE,(DEBUF)  ;アクセスするレコード番号の一時保存場所
0024DB 24DB 2A641F          16      LD  HL,(_DTBUF)
0024DE 24DE 3E01             7      LD  A,1
0024E0 24E0 CD3B25          17      CALL    read_disk   ;=#DRDSB（2000H）
0024E3 24E3 D8              11      RET C   ;エラー
                                
                                ;   ディレクトリ･バッファのファイル名を変更します
0024E4 24E4 2A741F          16      LD  HL,(_IBFAD)
0024E7 24E7 23               6      INC HL
0024E8 24E8 ED5BD827        20      LD  DE,(HLBUF)  ;参照FCBのアドレスの一時保存場所
0024EC 24EC 13               6      INC DE
0024ED 24ED 011100          10      LD  BC,17
0024F0 24F0 EDB0                    LDIR
                                
0024F2 24F2 ED5BD627        20      LD  DE,(DEBUF)  ;アクセスするレコード番号の一時保存場所
0024F6 24F6 2A641F          16      LD  HL,(_DTBUF)
0024F9 24F9 3E01             7      LD  A,1
0024FB 24FB CD5125          17      CALL    write_disk  ;=#DWRSB（2003H）の本体
0024FE 24FE C9              10      RET
                                
                                
                                ;#SET（200CH）の本体
                                ;注：仕様と違いAF'が破壊されます。
       24FF                     SETP:
0024FF 24FF 3A5D1F          13      LD  A,(_DSK)
002502 2502 CD9325          17      CALL    ALCHK   ;デバイス名がFDかチェックします
002505 2505 D8              11      RET C
002506 2506 CD8825          17      CALL    check_FD_device_name    ;デバイス名がFDかチェックします
002509 2509 D8              11      RET C
                                
                                ;   ファイル名を検索
00250A 250A CD6227          17      CALL    FCBSCH  ;ファイルを検索します（属性は無視）
00250D 250D D8              11      RET C
00250E 250E 3E08             7      LD  A,8 ;File not Found
002510 2510 37               4      SCF
002511 2511 C0              11      RET NZ  ;ファイルが見つからない
                                
                                ;   ディレクトリ･バッファを書き換えます
002512 2512 CBF6            15      SET 6,(HL)  ;属性b6←1
                                
                                ;   ディレクトリを書き換えます
002514 2514 2A641F          16      LD  HL,(_DTBUF)
002517 2517 3E01             7      LD  A,1
002519 2519 CD5125          17      CALL    write_disk  ;=#DWRSB（2003H）の本体
00251C 251C C9              10      RET
                                
                                
                                ;#RESET（200FH）の本体
                                ;注：仕様と違いAF'が破壊されます。
       251D                     RESET:
00251D 251D 3A5D1F          13      LD  A,(_DSK)
002520 2520 CD9325          17      CALL    ALCHK   ;デバイス名がFDかチェックします
002523 2523 D8              11      RET C
002524 2524 CD8825          17      CALL    check_FD_device_name    ;デバイス名がFDかチェックします
002527 2527 D8              11      RET C
                                
                                ;   ファイル名を検索
002528 2528 CD6227          17      CALL    FCBSCH  ;ファイルを検索します（属性は無視）
00252B 252B D8              11      RET C
00252C 252C 3E08             7      LD  A,8 ;File not Found
00252E 252E 37               4      SCF
00252F 252F C0              11      RET NZ  ;ファイルが見つからない
                                
                                ;   ディレクトリ･バッファを書き換えます
002530 2530 CBB6            15      RES 6,(HL)  ;属性b6←0
                                
                                ;   ディレクトリを書き換えます
002532 2532 2A641F          16      LD  HL,(_DTBUF)
002535 2535 3E01             7      LD  A,1
002537 2537 CD5125          17      CALL    write_disk  ;=#DWRSB（2003H）の本体
00253A 253A C9              10      RET
                                
                                
                                ;#DRDSB（2000H）の本体
                                ;入力   HL←読み込みアドレス、DE←レコード番号、Acc←レコード数
                                ;出力   CY＝0(Acc←0)なら成功、
                                ;   CY＝1（Acc←エラー･コード）なら失敗
                                ;破壊   AF，AF'
       253B                     read_disk:
00253B 253B 08               4      EX  AF,AF'  ;AF'
00253C 253C 3A5D1F          13      LD  A,(_DSK)
00253F 253F CD9325          17      CALL    ALCHK   ;デバイス名がFDかチェックします
002542 2542 D8              11      RET C
002543 2543 CD8825          17      CALL    check_FD_device_name    ;デバイス名がFDかチェックします
002546 2546 D8              11      RET C
002547 2547 D641             7      SUB 'A'
002549 2549 32062B          13      LD  (disk_unit_number),A    ;ディスクのユニット番号（0～）
00254C 254C 08               4      EX  AF,AF'
00254D 254D CD002B          17      CALL    DREAD   ;ディスク読み込み
002550 2550 C9              10      RET
                                
                                
                                ;#DWRSB（2003H）の本体
                                ;入力   HL←書き込みアドレス、DE←レコード番号、Acc←レコード数
                                ;出力   CY＝0（Acc←0）なら成功、
                                ;   CY＝1（Acc←エラー･コード）なら失敗
                                ;破壊   AF，AF'
       2551                     write_disk:
002551 2551 08               4      EX  AF,AF'  ;AF'
002552 2552 3A5D1F          13      LD  A,(_DSK)
002555 2555 CD9325          17      CALL    ALCHK   ;デバイス名がFDかチェックします
002558 2558 D8              11      RET C
002559 2559 CD8825          17      CALL    check_FD_device_name    ;デバイス名がFDかチェックします
00255C 255C D8              11      RET C
00255D 255D D641             7      SUB 'A'
00255F 255F 32062B          13      LD  (disk_unit_number),A    ;ディスクのユニット番号（0～）
002562 2562 08               4      EX  AF,AF'
002563 2563 CD032B          17      CALL    DWRITE  ;ディスク書き込み
002566 2566 C9              10      RET
                                
                                
                                ;[_OPNFG]←1
                                ;入力   なし
                                ;出力   [_OPNFG]←1
                                ;破壊   なし
       2567                     OPEN:
002567 2567 F5              11      PUSH    AF
002568 2568 3E01             7      LD  A,1
00256A 256A 1802            12      JR  CLOSE1
                                
                                
                                ;[_OPNFG]←0
                                ;入力   なし
                                ;出力   [_OPNFG]←0
                                ;破壊   なし
       256C                     CLOSE:
00256C 256C F5              11      PUSH    AF
00256D 256D AF               4      XOR A
00256E 256E 321E29          13  CLOSE1: LD  (_OPNFG),A
002571 2571 F1              10      POP AF
002572 2572 C9              10      RET
                                
                                
                                ;ファイルのライト･プロテクトのチェック
                                ;入力   Acc←属性（b6）
                                ;出力   CY＝1ならライト･プロテクト（Acc←4）
                                ;破壊   F，（AF）
       2573                     check_write_protect:
002573 2573 B7               4      OR  A   ;CY←0
002574 2574 CB77             8      BIT 6,A
002576 2576 C8              11      RET Z
002577 2577 3E04             7      LD  A,4 ;Write Protected
002579 2579 37               4      SCF
00257A 257A C9              10      RET
                                
                                
                                ;属性をチェックします
                                ;入力   Acc←属性（b7b2b1b0）
                                ;   [_FTYPE]参照
                                ;出力   CY＝1（Acc←6）なら一致しない
                                ;破壊   AF
       257B                     FMCHK:
00257B 257B E5              11      PUSH    HL
00257C 257C E687             7      AND 10000111B
00257E 257E 211F29          10      LD  HL,_FTYPE
002581 2581 BE               7      CP  (HL)
002582 2582 E1              10      POP HL
002583 2583 C8              11      RET Z
002584 2584 3E06             7      LD  A,6 ;Bad File Mode
002586 2586 37               4      SCF
002587 2587 C9              10      RET
                                
                                
                                ;デバイス名がFDかチェックします
                                ;入力   Acc←デバイス名
                                ;出力   CY＝1ならFDでない
                                ;破壊   F（AF）
       2588                     check_FD_device_name:
002588 2588 FE41             7      CP  'A'
00258A 258A 3804            12      JR  C,DSKCH1
                                ;   CP  'D'+1
00258C 258C FE46             7      CP  'E'+1   ;RAMディスク対応のための改定
00258E 258E 3F               4      CCF
00258F 258F D0              11      RET NC
002590 2590 3E0B             7  DSKCH1: LD  A,11    ;Reserved Feature
002592 2592 C9              10      RET
                                
                                
                                ;デバイス名がFDかチェックします
                                ;入力   Acc←デバイス名
                                ;出力   CY＝1ならFDでない
                                ;破壊   F（AF）
                                ;注：デバイス名が不正なら、Acc←エラー･コード。
       2593                     ALCHK:
002593 2593 CD4828          17      CALL    check_device_name   ;デバイス名が正しいか（A～L，S，T，Q）かチェックします
002596 2596 D8              11      RET C
002597 2597 CD5A28          17      CALL    check_tape_device_name  ;デバイス名がテープ（QD）かチェックします
00259A 259A 2004            12      JR  NZ,$+6
00259C 259C 3E03             7      LD  A,3 ;Bad File Descripter
00259E 259E 37               4      SCF
00259F 259F C9              10      RET
0025A0 25A0 CD8825          17      CALL    check_FD_device_name    ;デバイス名がFDかチェックします
0025A3 25A3 C9              10      RET
                                
                                
                                ;#RDVSW（2024H）の本体
       25A4                     RDVSW:
0025A4 25A4 3A2029          13      LD  A,(_DFDV)   ;デフォルト･デバイス
0025A7 25A7 CD5A28          17      CALL    check_tape_device_name  ;デバイス名がテープ（QD）かチェックします
0025AA 25AA C0              11      RET NZ  ;テープ以外ならそのままリターン
                                
                                
                                ;#DVSWからテープのデバイス名を求めます
                                ;入力   なし
                                ;出力   Acc←テープのデバイス名
                                ;破壊   AF
       25AB                     TRDVSW:
0025AB 25AB 3A7D1F          13      LD  A,(_DVSW)
0025AE 25AE B7               4      OR  A
0025AF 25AF 2002            12      JR  NZ,$+4
0025B1 25B1 3E54             7      LD  A,'T'   ;S-OS 2400bps
0025B3 25B3 FE01             7      CP  1
0025B5 25B5 2002            12      JR  NZ,$+4
0025B7 25B7 3E53             7      LD  A,'S'   ;システム依存
0025B9 25B9 FE03             7      CP  3
0025BB 25BB 2002            12      JR  NZ,$+4
0025BD 25BD 3E51             7      LD  A,'Q'   ;QD
0025BF 25BF C9              10      RET
                                
                                
                                ;#SDVSW（25C9H）の本体
       25C0                     SDVSW:
0025C0 25C0 F5              11      PUSH    AF
0025C1 25C1 322029          13      LD  (_DFDV),A   ;デフォルト･デバイス
0025C4 25C4 FE54             7      CP  'T' ;0
0025C6 25C6 2001            12      JR  NZ,$+3
0025C8 25C8 AF               4      XOR A
0025C9 25C9 FE53             7      CP  'S' ;1
0025CB 25CB 2002            12      JR  NZ,$+4
0025CD 25CD 3E01             7      LD  A,1
0025CF 25CF FE51             7      CP  'Q' ;3
0025D1 25D1 2002            12      JR  NZ,$+4
0025D3 25D3 3E03             7      LD  A,3
0025D5 25D5 327D1F          13      LD  (_DVSW),A
0025D8 25D8 F1              10      POP AF
0025D9 25D9 C9              10      RET
                                
                                
                                ;ディスクからファイルを読み込みます
                                ;入力   [_IBFAD]～,[_FATBF]～etc参照
                                ;出力   CY＝0（Acc←0）なら成功、
                                ;   CY＝1（Acc←エラー･コード）なら失敗
                                ;破壊   AF，HL，DE，BC，AF'
       25DA                     DLOAD:
0025DA 25DA 2A741F          16      LD  HL,(_IBFAD)
0025DD 25DD 011E00          10      LD  BC,30
0025E0 25E0 09              11      ADD HL,BC
0025E1 25E1 7E               7      LD  A,(HL)  ;Acc←ファイルの開始クラスタ
0025E2 25E2 32D527          13      LD  (NXCLST),A  ;アクセスするクラスタの一時保存場所
0025E5 25E5 ED4B721F        20      LD  BC,(_SIZE)
0025E9 25E9 2A701F          16      LD  HL,(_DTADR)
                                
                                ;   ロード･ループ
0025EC 25EC E5              11  DLOAD1: PUSH    HL
0025ED 25ED 3AD527          13      LD  A,(NXCLST)  ;アクセスするクラスタの一時保存場所
0025F0 25F0 2A621F          16      LD  HL,(_FATBF)
0025F3 25F3 5F               4      LD  E,A
0025F4 25F4 1600             7      LD  D,0 ;DE←アクセスするクラスタ番号
0025F6 25F6 19              11      ADD HL,DE   ;HL←FATバッファのアクセスするクラスタの位置
0025F7 25F7 7E               7      LD  A,(HL)  ;次のクラスタへのチェイン情報
0025F8 25F8 32D527          13      LD  (NXCLST),A  ;アクセスするクラスタの一時保存場所
0025FB 25FB EB               4      EX  DE,HL
0025FC 25FC 29              11      ADD HL,HL
0025FD 25FD 29              11      ADD HL,HL
0025FE 25FE 29              11      ADD HL,HL
0025FF 25FF 29              11      ADD HL,HL
002600 2600 EB               4      EX  DE,HL   ;DE←アクセスするレコード位置（空きクラスタ番号×16）
002601 2601 E1              10      POP HL  ;HL←[_DTADR]
002602 2602 B7               4      OR  A
002603 2603 2819            12      JR  Z,DLOAD2    ;FATが不正
002605 2605 FE80             7      CP  80H
002607 2607 3019            12      JR  NC,DLOAD3   ;最後のクラスタ
002609 2609 3E10             7      LD  A,16    ;4Kバイト読み込みます
00260B 260B CD3B25          17      CALL    read_disk   ;=#DRDSB（2000H）
00260E 260E D8              11      RET C   ;エラー
00260F 260F 110010          10      LD  DE,1000H
002612 2612 19              11      ADD HL,DE   ;メモリのカウント･アップ
002613 2613 E5              11      PUSH    HL
002614 2614 69               4      LD  L,C
002615 2615 60               4      LD  H,B
002616 2616 B7               4      OR  A
002617 2617 ED52            15      SBC HL,DE
002619 2619 4D               4      LD  C,L
00261A 261A 44               4      LD  B,H ;サイズのカウント･ダウン
00261B 261B E1              10      POP HL  ;HL←次のメモリ
00261C 261C 30CE            12      JR  NC,DLOAD1
                                
                                ;   エラー
00261E 261E 3E07             7  DLOAD2: LD  A,7 ;Bad Allocation Table
002620 2620 37               4      SCF
002621 2621 C9              10      RET
                                
                                ;   最後のクラスタ
002622 2622 D67F             7  DLOAD3: SUB 7FH ;Acc←読み込みセクタ数
002624 2624 FE11             7      CP  16+1
002626 2626 30F6            12      JR  NC,DLOAD2   ;FATが不正
002628 2628 3D               4      DEC A   ;Acc←読み込みセクタ数－1（0～15）
002629 2629 0B               6      DEC BC  ;B←読み込む最後のセクタ－1（0～15）
00262A 262A B8               4      CP  B
00262B 262B 20F1            12      JR  NZ,DLOAD2   ;FATが不正
00262D 262D 0600             7      LD  B,0
00262F 262F 03               6      INC BC  ;BC←最後のセクタのバイト数
002630 2630 B7               4      OR  A
002631 2631 2807            12      JR  Z,DLOAD4    ;最後のクラスタは、セクタを1つだけ使用
                                
                                ;   最後のセクタ以外を読み込みます
002633 2633 F5              11      PUSH    AF
002634 2634 CD3B25          17      CALL    read_disk   ;=#DRDSB（2000H）
002637 2637 3814            12      JR  C,DLOAD5
002639 2639 F1              10      POP AF  ;Acc←読み込みセクタ数－1（0～15）
                                
00263A 263A D5              11  DLOAD4: PUSH    DE
00263B 263B 1E00             7      LD  E,0
00263D 263D 57               4      LD  D,A ;DE←次に読み込むアドレスの変移
00263E 263E 19              11      ADD HL,DE   ;メモリのカウント･アップ
00263F 263F E3              19      EX  (SP),HL ;HL←最後のクラスタの先頭レコード番号，スタック←最後に読み込むメモリのアドレス
002640 2640 5F               4      LD  E,A
002641 2641 1600             7      LD  D,0 ;DE←次に読み込むレコードの変移
002643 2643 19              11      ADD HL,DE
                                
                                ;   最後のセクタ以外を読み込みます
002644 2644 EB               4      EX  DE,HL   ;DE←最後に読み込むレコード番号
002645 2645 2A641F          16      LD  HL,(_DTBUF)
002648 2648 3E01             7      LD  A,1
00264A 264A CD3B25          17      CALL    read_disk   ;=#DRDSB（2000H）
00264D 264D D1              10  DLOAD5: POP DE  ;DE←最後に読み込むメモリのアドレス
00264E 264E D8              11      RET C
                                
                                ;   [_DTBUF]～から最後のセクタの内容を正しいメモリに転送します
00264F 264F EDB0                    LDIR
002651 2651 AF               4      XOR A   ;Acc←0
002652 2652 C9              10      RET
                                
                                
                                ;ディスクにファイルを書き込みます
                                ;入力   [DEBUF]、[HLBUF]、[_FATBF]～etc参照
                                ;出力   CY＝0（Acc←0）なら成功、
                                ;   CY＝1（Acc←エラー･コード）なら失敗
                                ;破壊   AF，HL，DE，BC，AF'
       2653                     DSAVE:
002653 2653 ED5BD627        20      LD  DE,(DEBUF)  ;アクセスするレコード番号の一時保存場所
002657 2657 2AD827          16      LD  HL,(HLBUF)  ;参照FCBのアドレスの一時保存場所
00265A 265A ED4B721F        20      LD  BC,(_SIZE)
00265E 265E C5              11      PUSH    BC
00265F 265F 0B               6      DEC BC
002660 2660 CB38             8      SRL B
002662 2662 CB38             8      SRL B
002664 2664 CB38             8      SRL B
002666 2666 CB38             8      SRL B
002668 2668 04               4      INC B   ;B←占有クラスタ数
002669 2669 CD1827          17      CALL    FRECLU  ;空きクラスタ数を得ます
00266C 266C B8               4      CP  B
00266D 266D C1              10      POP BC  ;BC←[_SIZE]
00266E 266E 3E09             7      LD  A,9 ;Device Full
002670 2670 D8              11      RET C   ;空き領域が足りない
                                
                                ;   タイム･スタンプとクラスタ値をクリア
002671 2671 2A741F          16      LD  HL,(_IBFAD)
002674 2674 E5              11      PUSH    HL
002675 2675 D5              11      PUSH    DE
002676 2676 C5              11      PUSH    BC
002677 2677 111800          10      LD  DE,24
00267A 267A 19              11      ADD HL,DE
00267B 267B 5D               4      LD  E,L
00267C 267C 54               4      LD  D,H
00267D 267D 13               6      INC DE
00267E 267E 3600            10      LD  (HL),0
002680 2680 010700          10      LD  BC,7
002683 2683 EDB0                    LDIR
002685 2685 C1              10      POP BC  ;BC←[_SIZE]
002686 2686 D1              10      POP DE  ;DE←[DEBUF]
002687 2687 E1              10      POP HL  ;HL←[_IBFAD]
                                
                                ;   FCBのクラスタ値の設定
002688 2688 3E1E             7      LD  A,30
00268A 268A 85               4      ADD A,L
00268B 268B 6F               4      LD  L,A
00268C 268C 3001            12      JR  NC,$+3
00268E 268E 24               4      INC H   ;HL←[_IBFAD]＋30
00268F 268F CD2D27          17      CALL    FCGET   ;空きクラスタを得ます
002692 2692 77               7      LD  (HL),A  ;FCBのクラスタ値←空きクラスタ番号
002693 2693 2A701F          16      LD  HL,(_DTADR)
                                
                                ;   セーブ･ループ
002696 2696 E5              11  DSAVE1: PUSH    HL
002697 2697 2A621F          16      LD  HL,(_FATBF)
00269A 269A 5F               4      LD  E,A
00269B 269B 1600             7      LD  D,0 ;DE←空きクラスタ番号
00269D 269D 19              11      ADD HL,DE   ;HL←FATバッファの空きクラスタの位置
00269E 269E EB               4      EX  DE,HL
00269F 269F 29              11      ADD HL,HL
0026A0 26A0 29              11      ADD HL,HL
0026A1 26A1 29              11      ADD HL,HL
0026A2 26A2 29              11      ADD HL,HL
0026A3 26A3 EB               4      EX  DE,HL   ;DE←空きレコード位置（空きクラスタ番号×16）
0026A4 26A4 0B               6      DEC BC
0026A5 26A5 78               4      LD  A,B
0026A6 26A6 03               6      INC BC
0026A7 26A7 FE10             7      CP  16
0026A9 26A9 3821            12      JR  C,DSAVE3    ;最後のクラスタ
0026AB 26AB 3680            10      LD  (HL),80H    ;FCGETルーチンでスキップさせるため
0026AD 26AD CD2D27          17      CALL    FCGET   ;空きクラスタを得ます
0026B0 26B0 77               7      LD  (HL),A  ;次のクラスタへのチェイン情報
0026B1 26B1 E1              10      POP HL  ;HL←[_DTADR]
0026B2 26B2 F5              11      PUSH    AF
0026B3 26B3 3E10             7      LD  A,16    ;4Kバイト書き込みます
0026B5 26B5 CD5125          17      CALL    write_disk  ;=#DWRSB（2003H）の本体
0026B8 26B8 3810            12      JR  C,DSAVE2    ;エラー
0026BA 26BA 110010          10      LD  DE,1000H
0026BD 26BD 19              11      ADD HL,DE   ;メモリのカウント･アップ
0026BE 26BE E5              11      PUSH    HL
0026BF 26BF 69               4      LD  L,C
0026C0 26C0 60               4      LD  H,B
0026C1 26C1 B7               4      OR  A
0026C2 26C2 ED52            15      SBC HL,DE
0026C4 26C4 4D               4      LD  C,L
0026C5 26C5 44               4      LD  B,H ;サイズのカウント･ダウン
0026C6 26C6 E1              10      POP HL  ;HL←次のメモリ
0026C7 26C7 F1              10      POP AF  ;Acc←次のクラスタ
0026C8 26C8 18CC            12      JR  DSAVE1
                                
                                ;   エラー
0026CA 26CA E1              10  DSAVE2: POP HL  ;スタック位置調整のため
0026CB 26CB C9              10      RET
                                
                                ;   最後のクラスタ
0026CC 26CC 3C               4  DSAVE3: INC A   ;Acc←書き込みセクタ数
0026CD 26CD F5              11      PUSH    AF
0026CE 26CE C67F             7      ADD A,7FH   ;Acc←80H～8FH
0026D0 26D0 77               7      LD  (HL),A  ;チェインの終わりを示す
0026D1 26D1 F1              10      POP AF  ;Acc←書き込みセクタ数
0026D2 26D2 E1              10      POP HL  ;HL←メモリのアドレス
0026D3 26D3 CD5125          17      CALL    write_disk  ;=#DWRSB（2003H）の本体
0026D6 26D6 D8              11      RET C   ;エラー
                                
                                ;   FATの更新
0026D7 26D7 CD0727          17      CALL    FATWRT  ;FATを書き込みます
0026DA 26DA D8              11      RET C   ;エラー
                                
                                ;   ディレクトリの更新
0026DB 26DB 2A741F          16      LD  HL,(_IBFAD)
0026DE 26DE ED5BD827        20      LD  DE,(HLBUF)  ;参照FCBのアドレスの一時保存場所
                                ;   INC DE  ;無意味？
0026E2 26E2 012000          10      LD  BC,32
0026E5 26E5 EDB0                    LDIR
0026E7 26E7 2A641F          16      LD  HL,(_DTBUF)
0026EA 26EA ED5BD627        20      LD  DE,(DEBUF)  ;アクセスするレコード番号の一時保存場所
0026EE 26EE 3E01             7      LD  A,1
0026F0 26F0 CD5125          17      CALL    write_disk  ;=#DWRSB（2003H）の本体
0026F3 26F3 D8              11      RET C
0026F4 26F4 AF               4      XOR A   ;Acc←0
0026F5 26F5 C9              10      RET
                                
                                
                                ;FATを読みます
                                ;入力   [_FATPS]、[_FATBF]参照
                                ;出力   CY＝0（Acc←0）なら成功、
                                ;   CY＝1（Acc←エラー･コード）なら失敗
                                ;破壊   AF，AF'
       26F6                     FATRED:
0026F6 26F6 D5              11      PUSH    DE
0026F7 26F7 E5              11      PUSH    HL
0026F8 26F8 ED5B5E1F        20      LD  DE,(_FATPS)
0026FC 26FC 2A621F          16      LD  HL,(_FATBF)
0026FF 26FF 3E01             7      LD  A,1
002701 2701 CD3B25          17      CALL    read_disk   ;=#DRDSB（2000H）
002704 2704 E1              10      POP HL
002705 2705 D1              10      POP DE
002706 2706 C9              10      RET
                                
                                
                                ;FATを書き込みます
                                ;入力   [_FATPS]、[_FATBF]～参照
                                ;出力   CY＝0（Acc←0）なら成功、
                                ;   CY＝1（Acc←エラー･コード）なら失敗
                                ;破壊   AF，AF'
       2707                     FATWRT:
002707 2707 D5              11      PUSH    DE
002708 2708 E5              11      PUSH    HL
002709 2709 ED5B5E1F        20      LD  DE,(_FATPS)
00270D 270D 2A621F          16      LD  HL,(_FATBF)
002710 2710 3E01             7      LD  A,1
002712 2712 CD5125          17      CALL    write_disk  ;=#DWRSB（2003H）の本体
002715 2715 E1              10      POP HL
002716 2716 D1              10      POP DE
002717 2717 C9              10      RET
                                
                                
                                ;空きクラスタ数を得ます
                                ;入力   [_FATBF]～参照
                                ;出力   Acc←空きクラスタ数
                                ;破壊   AF
       2718                     FRECLU:
002718 2718 C5              11      PUSH    BC
002719 2719 E5              11      PUSH    HL
00271A 271A 0680             7      LD  B,80H
00271C 271C 0E00             7      LD  C,0
00271E 271E 2A621F          16      LD  HL,(_FATBF)
                                
002721 2721 7E               7  FRECL1: LD  A,(HL)
002722 2722 B7               4      OR  A   ;00Hが未使用
002723 2723 2001            12      JR  NZ,FRECL2
002725 2725 0C               4      INC C
002726 2726 23               6  FRECL2: INC HL
002727 2727 10F8            13      DJNZ    FRECL1
                                
002729 2729 79               4      LD  A,C
00272A 272A E1              10      POP HL
00272B 272B C1              10      POP BC
00272C 272C C9              10      RET
                                
                                
                                ;空きクラスタを得ます
                                ;入力   なし
                                ;出力   Acc←空きクラスタ番号
                                ;   CY＝1なら空きクラスタがない
                                ;破壊   AF
       272D                     FCGET:
00272D 272D C5              11      PUSH    BC
00272E 272E E5              11      PUSH    HL
00272F 272F 0680             7      LD  B,80H
002731 2731 2A621F          16      LD  HL,(_FATBF)
                                
002734 2734 7E               7  FCGET2: LD  A,(HL)
002735 2735 B7               4      OR  A   ;00Hは未使用クラスタ
002736 2736 2806            12      JR  Z,FCGET3
002738 2738 23               6      INC HL
002739 2739 10F9            13      DJNZ    FCGET2
                                
00273B 273B 37               4      SCF
00273C 273C 1804            12      JR  FCGET4
00273E 273E 3E80             7  FCGET3: LD  A,80H
002740 2740 90               4      SUB B   ;Acc←空きクラスタ番号
002741 2741 B7               4      OR  A
002742 2742 E1              10  FCGET4: POP HL
002743 2743 C1              10      POP BC
002744 2744 C9              10      RET
                                
                                
                                ;FATバッファから指定のクラスタ･チェインをカットします
                                ;入力   Acc←ファイルの開始クラスタ
                                ;出力   CY＝0（Acc←0）なら正常終了、CY＝1（Acc←7）ならエラー
                                ;破壊   AF，DE
       2745                     ERAFAT:
002745 2745 D5              11      PUSH    DE
002746 2746 E5              11      PUSH    HL
002747 2747 ED5B621F        20      LD  DE,(_FATBF)
                                
00274B 274B 6F               4  ERAFA1: LD  L,A
00274C 274C 2600             7      LD  H,0 ;HL←ファイルの開始クラスタ
00274E 274E 19              11      ADD HL,DE   ;HL←対応するFATバッファのアドレス
00274F 274F 7E               7      LD  A,(HL)  ;Acc←チェインしているクラスタ番号
002750 2750 3600            10      LD  (HL),0
002752 2752 FE80             7      CP  80H
002754 2754 38F5            12      JR  C,ERAFA1    ;チェインしていた
                                
                                ;   チェイン終了
002756 2756 E1              10      POP HL
002757 2757 D1              10      POP DE
002758 2758 FE90             7      CP  90H
00275A 275A 3002            12      JR  NC,ERAFA2   ;90H～のデータがあった
                                ;   正常終了
00275C 275C AF               4      XOR A
00275D 275D C9              10      RET
                                
                                ;   存在するはずのない数値があった
00275E 275E 3E07             7  ERAFA2: LD  A,7 ;Bad Allocation Table
002760 2760 37               4      SCF
002761 2761 C9              10      RET
                                
                                
                                ;ファイルを検索します（属性は無視）
                                ;入力   [_IBFAD]参照
                                ;出力   ZF＝1なら一致した
                                ;   HL←一致したFCBのあるアドレス、DE←一致したFCBのあるレコード番号
                                ;   CY＝1ならエラー（Acc←エラー･コード）
                                ;破壊   AF，HL，DE，AF'
       2762                     FCBSCH:
002762 2762 C5              11      PUSH    BC
002763 2763 0E10             7      LD  C,16
002765 2765 ED5B601F        20      LD  DE,(_DIRPS)
                                
002769 2769 2A641F          16  FCBSC1: LD  HL,(_DTBUF)
00276C 276C 3E01             7      LD  A,1
00276E 276E CD3B25          17      CALL    read_disk   ;=#DRDSB（2000H）
002771 2771 3824            12      JR  C,FCBSC6    ;エラー
002773 2773 0608             7      LD  B,8
                                
002775 2775 7E               7  FCBSC2: LD  A,(HL)
002776 2776 FEFF             7      CP  0FFH
002778 2778 281A            12      JR  Z,FCBSC4
00277A 277A B7               4      OR  A
00277B 277B 280B            12      JR  Z,FCBSC3
00277D 277D D5              11      PUSH    DE
00277E 277E ED5B741F        20      LD  DE,(_IBFAD)
                                ;   CALL    FCOMP   ;ファイル名を比較します
002782 2782 CDD828          17      CALL    compare_file_name   ;ファイル名を比較します
002785 2785 D1              10      POP DE
002786 2786 280D            12      JR  Z,FCBSC5    ;一致した
002788 2788 D5              11  FCBSC3: PUSH    DE
002789 2789 112000          10      LD  DE,32
00278C 278C 19              11      ADD HL,DE
00278D 278D D1              10      POP DE
00278E 278E 10E5            13      DJNZ    FCBSC2
                                
002790 2790 13               6      INC DE
002791 2791 0D               4      DEC C
002792 2792 20D5            12      JR  NZ,FCBSC1
                                
002794 2794 3E                  FCBSC4: DB  3EH ;「LD A,」
002795 2795 AF               4  FCBSC5: XOR A
002796 2796 B7               4      OR  A
002797 2797 C1              10  FCBSC6: POP BC
002798 2798 C9              10      RET
                                
                                
                                ;ディスクに空きエリアがあるかチェックします
                                ;入力   なし
                                ;出力   HL←一空きFCBのあるアドレス、DE←空きFCBのあるレコード番号
                                ;   CY＝1ならエラー（Acc←エラー･コード）
                                ;破壊   AF，HL，DE，AF'
       2799                     FRESCH:
002799 2799 C5              11      PUSH    BC
00279A 279A 0E10             7      LD  C,16
00279C 279C ED5B601F        20      LD  DE,(_DIRPS)
                                
0027A0 27A0 2A641F          16  FRESC1: LD  HL,(_DTBUF)
0027A3 27A3 3E01             7      LD  A,1
0027A5 27A5 CD3B25          17      CALL    read_disk   ;=#DRDSB（2000H）
0027A8 27A8 3816            12      JR  C,FRESC3
0027AA 27AA 0608             7      LD  B,8
                                
0027AC 27AC 7E               7  FRESC2: LD  A,(HL)
0027AD 27AD B7               4      OR  A
0027AE 27AE 2811            12      JR  Z,FRESC4
0027B0 27B0 FEFF             7      CP  0FFH
0027B2 27B2 280D            12      JR  Z,FRESC4
0027B4 27B4 D5              11      PUSH    DE
0027B5 27B5 112000          10      LD  DE,32
0027B8 27B8 19              11      ADD HL,DE
0027B9 27B9 D1              10      POP DE
0027BA 27BA 10F0            13      DJNZ    FRESC2
                                
0027BC 27BC 13               6      INC DE
0027BD 27BD 0D               4      DEC C
0027BE 27BE 20E0            12      JR  NZ,FRESC1
                                
0027C0 27C0 3E                  FRESC3: DB  3EH ;「LD A,」
0027C1 27C1 AF               4  FRESC4: XOR A
0027C2 27C2 C1              10      POP BC
0027C3 27C3 C9              10      RET
                                
                                
                                ;   IF  0
                                ; ;ファイル名を比較します
                                ; ;入力 HL←比較されるFCBの先頭アドレス、
                                ; ; DE←比較するFCBの先頭アドレス
                                ; ;出力 ZF＝1なら一致した
                                ; ;破壊 AF
                                ; FCOMP:
                                ;   PUSH    BC
                                ;   PUSH    DE
                                ;   PUSH    HL
                                ;   LD  B,16
                                
                                ; FCOMP1:   INC DE
                                ;   INC HL
                                ;   LD  A,(DE)
                                ;   CP  (HL)
                                ;   JR  NZ,FCOMP2   ;不一致
                                ;   DJNZ    FCOMP1
                                
                                ; FCOMP2:   POP HL
                                ;   POP DE
                                ;   POP BC
                                ;   RET
                                ;   ENDIF
                                
                                
                                ;   compare_file_nameの一部
0027C4 27C4 1A               7  FCMPW2: LD  A,(DE)
0027C5 27C5 B9               4      CP  C   ;CP ' '
0027C6 27C6 C8              11      RET Z
0027C7 27C7 1A               7  FCMPW1: LD  A,(DE)
0027C8 27C8 FE3F             7      CP  '?' ;ワイルド･カード
0027CA 27CA C8              11      RET Z
0027CB 27CB CD220D          17      CALL    convert_lower_case_to_upper_case    ;小文字→大文字変換
0027CE 27CE 4F               4      LD  C,A
0027CF 27CF 7E               7      LD  A,(HL)
0027D0 27D0 CD220D          17      CALL    convert_lower_case_to_upper_case    ;小文字→大文字変換
0027D3 27D3 B9               4      CP  C   ;ZF＝1なら一致
0027D4 27D4 C9              10      RET
                                
                                
0027D5 27D5                     NXCLST: DS  1   ;アクセスするクラスタの一時保存場所（ロード･ルーチンで使用）
0027D6 27D6                     DEBUF:  DS  2   ;アクセスするレコード番号の一時保存場所
0027D8 27D8                     HLBUF:  DS  2   ;参照FCBのアドレスの一時保存場所
                                
                                
                                ;P%FNAM（2912H）の本体
                                ;ファイル情報を表示します
                                ;入力   Acc←属性、HL←ファイル情報の先頭アドレス
                                ;出力   なし
                                ;破壊   AF
       27DA                     PFNAM:
0027DA 27DA C5              11      PUSH    BC
0027DB 27DB D5              11      PUSH    DE
0027DC 27DC E5              11      PUSH    HL
0027DD 27DD ED5B741F        20      LD  DE,(_IBFAD)
0027E1 27E1 012000          10      LD  BC,0020H
0027E4 27E4 EDB0                    LDIR
0027E6 27E6 CD1E28          17      CALL    ATRPRT  ;属性情報を表示します
0027E9 27E9 3A5D1F          13      LD  A,(_DSK)
0027EC 27EC CDF41F          17      CALL    _PRINT
0027EF 27EF 3E3A             7      LD  A,':'
0027F1 27F1 CDF41F          17      CALL    _PRINT
0027F4 27F4 CD9D1F          17      CALL    _FPRNT
0027F7 27F7 CD2A29          17  ADRPRT: CALL    _PARSC  ;機種依存のカセットのアドレス情報を、S-OSのワークに転送します
0027FA 27FA ED4B721F        20      LD  BC,(_SIZE)
0027FE 27FE 2A701F          16      LD  HL,(_DTADR)
002801 2801 ED5B6E1F        20      LD  DE,(_EXADR)
002805 2805 CD1528          17      CALL    PHEX    ;インナー･コール
002808 2808 09              11      ADD HL,BC
002809 2809 2B               6      DEC HL
00280A 280A CD1528          17      CALL    PHEX    ;インナー･コール
00280D 280D EB               4      EX  DE,HL
00280E 280E CD1528          17      CALL    PHEX    ;インナー･コール
002811 2811 E1              10      POP HL
002812 2812 D1              10      POP DE
002813 2813 C1              10      POP BC
002814 2814 C9              10      RET
                                
002815 2815 3E3A             7  PHEX:   LD  A,':'
002817 2817 CDF41F          17      CALL    _PRINT
00281A 281A CDBE1F          17      CALL    _print_hex_4_digit
00281D 281D C9              10      RET
                                
                                
                                ;属性情報を表示します
                                ;入力   Acc←属性
                                ;出力   なし
                                ;破壊   AF，HL，DE
       281E                     ATRPRT:
00281E 281E F5              11      PUSH    AF
00281F 281F 11A028          10      LD  DE,ATRMES
002822 2822 CB7F             8      BIT 7,A
002824 2824 2803            12      JR  Z,ATRP1
                                ;   ディレクトリの場合
002826 2826 3E08             7      LD  A,8
002828 2828 11                      DB  11H ;「LD DE,」
002829 2829 E607             7  ATRP1:  AND 07H ;Acc←0～8
00282B 282B 6F               4      LD  L,A
00282C 282C 2600             7      LD  H,0
00282E 282E 29              11      ADD HL,HL
00282F 282F 29              11      ADD HL,HL
002830 2830 11A028          10      LD  DE,ATRMES
002833 2833 19              11      ADD HL,DE
002834 2834 EB               4      EX  DE,HL
002835 2835 CDE51F          17      CALL    _MSX
002838 2838 F1              10      POP AF
002839 2839 CB77             8      BIT 6,A
00283B 283B 3E2A             7      LD  A,'*'
00283D 283D 2002            12      JR  NZ,ATRP2
00283F 283F 3E20             7      LD  A,' '
002841 2841 CDF41F          17  ATRP2:  CALL    _PRINT
002844 2844 CDF11F          17      CALL    _PRNTS
002847 2847 C9              10      RET
                                
                                
                                ;%check_device_name（2851H）の本体
                                ;デバイス名が正しいか（A～L，S，T，Q）かチェックします
                                ;入力   Acc←デバイス名（小文字不可）
                                ;出力   ZF＝1ならテープ、CY＝1なら不正
                                ;破壊   F（AF）
                                ;注：デバイス名が不正なら、Acc←エラー･コード。
       2848                     check_device_name:
002848 2848 CD5A28          17      CALL    check_tape_device_name  ;デバイス名がテープ（QD）かチェックします
00284B 284B C8              11      RET Z
00284C 284C FE41             7      CP  'A'
00284E 284E 3807            12      JR  C,DEVCH1    ;「A」未満
                                ;   「A」～
002850 2850 FE4D             7      CP  'L'+1
002852 2852 3F               4      CCF
002853 2853 3802            12      JR  C,$+4
002855 2855 B7               4      OR  A
002856 2856 C9              10      RET
                                
002857 2857 3E03             7  DEVCH1: LD  A,3 ;Bad File Descripter
002859 2859 C9              10      RET
                                
                                
                                ;%check_tape_device_name（2918H）の本体
                                ;デバイス名がテープ（QD）かチェックします
                                ;入力   Acc←デバイス名（小文字不可）
                                ;出力   ZF＝1ならテープ
                                ;破壊   F
       285A                     check_tape_device_name:
00285A 285A FE54             7      CP  'T'
00285C 285C C8              11      RET Z
00285D 285D FE53             7      CP  'S'
00285F 285F C8              11      RET Z
002860 2860 FE51             7      CP  'Q'
002862 2862 C9              10      RET
                                
                                
                                ;#ERROR（2033H）の本体
       2863                     ERROR:
002863 2863 3D               4      DEC A
002864 2864 FE0E             7      CP  14
002866 2866 3813            12      JR  C,ERROR1
002868 2868 3C               4      INC A
002869 2869 11E32A          10      LD  DE,ER15
00286C 286C F5              11      PUSH    AF
00286D 286D CDE81F          17      CALL    _MSG
002870 2870 3E24             7      LD  A,'$'   ;16進数ヘッダ
002872 2872 CDF41F          17      CALL    _PRINT
002875 2875 F1              10      POP AF
002876 2876 CDC11F          17      CALL    _print_hex_2_digit
002879 2879 180E            12      JR  ERROR2
00287B 287B 21002A          10  ERROR1: LD  HL,MESTBL
00287E 287E 87               4      ADD A,A
00287F 287F 5F               4      LD  E,A
002880 2880 1600             7      LD  D,0
002882 2882 19              11      ADD HL,DE
002883 2883 5E               7      LD  E,(HL)
002884 2884 23               6      INC HL
002885 2885 56               7      LD  D,(HL)
002886 2886 CDE81F          17      CALL    _MSG
002889 2889 CDC41F          17  ERROR2: CALL    _BELL
00288C 288C CDEB1F          17      CALL    _NL
00288F 288F C9              10      RET
                                
                                
                                ;   空きクラスタ表示用メッセージ
002890 2890 20436C7573746572    cluster_free_message:   DB  ' Clusters Free',0DH,00H
            7320467265650D00    
                                
                                ;   属性メッセージ
       28A0                     ATRMES:
0028A0 28A0 4E756C00                DB  'Nul',00H   ;000
0028A4 28A4 42696E00                DB  'Bin',00H   ;001
0028A8 28A8 42617300                DB  'Bas',00H   ;010
0028AC 28AC 3F3F3F00                DB  '???',00H   ;011
0028B0 28B0 41736300                DB  'Asc',00H   ;100
0028B4 28B4 3F3F3F00                DB  '???',00H   ;101
0028B8 28B8 3F3F3F00                DB  '???',00H   ;110
0028BC 28BC 3F3F3F00                DB  '???',00H   ;111
0028C0 28C0 44697200                DB  'Dir',00H   ;1xxxxxxx
                                
                                
                                ;GETDEVルーチンのバグ回避処理
                                ;ファイル･ディスクリプタのセパレータの位置の文字を得ます
       28C4                     GDVPAT:
0028C4 28C4 1A               7      LD  A,(DE)
0028C5 28C5 B7               4      OR  A
0028C6 28C6 C8              11      RET Z   ;文字列の最後に達していた
0028C7 28C7 13               6      INC DE
0028C8 28C8 1A               7      LD  A,(DE)
0028C9 28C9 1B               6      DEC DE
0028CA 28CA C9              10      RET
                                
                                
                                ;モニタ･コマンドで小文字を受け付けるため
0028CB 28CB 13               6  sos_monitor_command_routine1:   INC DE
0028CC 28CC 1A               7      LD  A,(DE)
0028CD 28CD 13               6      INC DE
0028CE 28CE C3220D          10      JP  convert_lower_case_to_upper_case    ;小文字→大文字変換
                                
                                
                                ;STコマンドで小文字を受け付けるため
0028D1 28D1 CD9422          17  MSET1:  CALL    SPCUT   ;文字列の空白を読み飛ばします
0028D4 28D4 1A               7      LD  A,(DE)
0028D5 28D5 C3220D          10      JP  convert_lower_case_to_upper_case    ;小文字→大文字変換
                                
                                
                                ;ファイル名を比較します（小文字、拡張子なしでも一致させるため）
                                ;入力   HL←比較されるFCBの先頭アドレス、
                                ;   DE←比較するFCBの先頭アドレス
                                ;出力   ZF＝1なら一致した
                                ;破壊   AF
       28D8                     compare_file_name:
0028D8 28D8 C5              11      PUSH    BC
0028D9 28D9 D5              11      PUSH    DE
0028DA 28DA E5              11      PUSH    HL
0028DB 28DB 060D             7      LD  B,13
                                
0028DD 28DD 13               6  FCPWL1: INC DE
0028DE 28DE 23               6      INC HL
0028DF 28DF CDC727          17      CALL    FCMPW1
0028E2 28E2 200F            12      JR  NZ,FCMPWE
0028E4 28E4 10F7            13      DJNZ    FCPWL1
                                
0028E6 28E6 0603             7      LD  B,3
                                
0028E8 28E8 13               6  FCPWL2: INC DE
0028E9 28E9 23               6      INC HL
0028EA 28EA 0E20             7      LD  C,' '
0028EC 28EC CDC427          17      CALL    FCMPW2
0028EF 28EF 2002            12      JR  NZ,FCMPWE
0028F1 28F1 10F5            13      DJNZ    FCPWL2
                                
0028F3 28F3 E1              10  FCMPWE: POP HL
0028F4 28F4 D1              10      POP DE
0028F5 28F5 C1              10      POP BC
0028F6 28F6 C9              10      RET
                                
                                
002A00 2A00                         ORG 2A00H
       2A00                     MESTBL:
002A00 2A00 1C2A2D2A3C2A502A        DW  ER1,ER2,ER3,ER4,ER5,ER6,ER7,ER8
            602A6B2A792A8E2A    
002A10 2A10 9D2AA92ABD2ACE2A        DW  ER9,ER10,ER11,ER12,ER13,ER14
            DC2AEA2A            
                                
002A1C 2A1C 4465766963652049    ER1:    DB  'Device I/O Error',0DH
            2F4F204572726F72    
            0D                  
002A2D 2A2D 446576696365204F    ER2:    DB  'Device Offline',0DH
            66666C696E650D      
002A3C 2A3C 4261642046696C65    ER3:    DB  'Bad File Descripter',0DH
            2044657363726970    
            7465720D            
002A50 2A50 5772697465205072    ER4:    DB  'Write Protected',0DH
            6F7465637465640D    
002A60 2A60 426164205265636F    ER5:    DB  'Bad Record',0DH
            72640D              
002A6B 2A6B 4261642046696C65    ER6:    DB  'Bad File Mode',0DH
            204D6F64650D        
002A79 2A79 42616420416C6C6F    ER7:    DB  'Bad Allocation Table',0DH
            636174696F6E2054    
            61626C650D          
002A8E 2A8E 46696C65206E6F74    ER8:    DB  'File not Found',0DH
            20466F756E640D      
002A9D 2A9D 4465766963652046    ER9:    DB  'Device Full',0DH
            756C6C0D            
002AA9 2AA9 46696C6520416C72    ER10:   DB  'File Already Exists',0DH
            6561647920457869    
            7374730D            
002ABD 2ABD 5265736572766564    ER11:   DB  'Reserved Feature',0DH
            2046656174757265    
            0D                  
002ACE 2ACE 46696C65206E6F74    ER12:   DB  'File not Open',0DH
            204F70656E0D        
002ADC 2ADC 53796E74617820      ER13:   DB  'Syntax '
002AE3 2AE3 4572726F72200D      ER15:   DB  'Error ',0DH
002AEA 2AEA 4261642044617461    ER14:   DB  'Bad Data',0DH
            0D                  
002AF3 2AF3 436F6D706C657465    OK: DB  'Complete !',0DH
            20210D              
                                
                                
                                ;=======================================
                                ;内部ワーク＆内部ジャンプ･テーブル
                                ;=======================================
                                
                                
002900 2900                         ORG 2900H
                                ;%RDI（2900H）
                                ;テープのインフォメーション･ファイルをロードします
                                ;入力   なし
                                ;出力   CY＝1ならエラー（Acc←エラー･コード）
                                ;破壊   AF，HL，DE，BC
002900 2900 C33C09          10  _RDI:   JP  RDI
                                
                                
                                ;%TROPN（2903H）
                                ;テープのリード･オープン
                                ;入力   [_DSK]←デバイス名
                                ;出力   ZF＝1（Acc←0）ならファイルが見つかった
                                ;   CY＝1ならエラー（Acc←エラー･コード）
                                ;破壊   AF，HL，DE，BC
                                ;注：
                                ; ファイル名解析後呼び出すこと。
                                ; ファイル名の先頭が20Hか0DHの場合は、常に一致とみなします。
002903 2903 C34009          10  _TROPN: JP  TROPN
                                
                                
                                ;%WRI（2906H）
                                ;テープにインフォメーション･ファイルをセーブします
                                ;入力   なし
                                ;出力   CY＝1ならエラー（Acc←エラー･コード）
                                ;破壊   AF，HL，DE，BC
002906 2906 C34409          10  _WRI:   JP  WRI
                                
                                
                                ;%TWRD（2909H）
                                ;テープにデータ･ファイルをセーブします
                                ;入力   なし
                                ;出力   CY＝1ならエラー（Acc←エラー･コード）
                                ;破壊   AF，HL，DE，BC
002909 2909 C34809          10  _TWRD:  JP  TWRD
                                
                                
                                ;%TRDD（290CH）
                                ;テープのデータ･ファイルをロードします
                                ;入力   なし
                                ;出力   CY＝1ならエラー（Acc←エラー･コード）
                                ;破壊   AF，HL，DE，BC
00290C 290C C34C09          10  _TRDD:  JP  TRDD
                                
                                
                                ;%TDIR（290FH）
                                ;テープのディレクトリを表示します
                                ;入力   なし
                                ;出力   CY＝1ならエラー（Acc←エラー･コード）
                                ;破壊   AF，HL，DE，BC
00290F 290F C35009          10  _TDIR:  JP  TDIR
                                
                                
                                ;P%FNAM（2912H）
                                ;ファイル情報を表示します
                                ;入力   Acc←ファイル属性、HL←ファイル情報の先頭アドレス
                                ;出力   なし
                                ;破壊   AF
002912 2912 C3DA27          10  _PFNAM: JP  PFNAM
                                
                                
                                ;%DVCHK（2915H）
                                ;デバイス名が正しいか（A～L，S，T，Q）かチェックします
                                ;入力   Acc←デバイス名（小文字不可）
                                ;出力   ZF＝1ならテープ
                                ;   CY＝1なら不正（Acc←エラー･コード）
                                ;破壊   AF
002915 2915 C34828          10  _DVCHK: JP  check_device_name
                                
                                
                                ;%check_tape_device_name（2918H）
                                ;デバイス名がテープ（QD）かチェックします
                                ;入力   Acc←デバイス名（小文字不可）
                                ;出力   ZF＝1ならテープ
                                ;破壊   F
002918 2918 C35A28          10  _check_tape_device_name:    JP  check_tape_device_name
                                
                                
                                ;   291BH～291DHは未使用
00291B 291B                         DS  3
                                
                                
                                ;%OPNFG（291EH）
                                ;ファイルのオープンの状態（＝0でクローズ,＝1でオープン）
00291E 291E 00                  _OPNFG: DB  0
                                
                                
                                ;%FTYPE（291FH）
                                ;ファイル属性（ファイル名の解析でセットされます）
00291F 291F                     _FTYPE: DS  1
                                
                                
                                ;%DFDV（2920H）
                                ;デフォルト･デバイス（初期値「A」）
002920 2920 41                  _DFDV:  DB  'A'
                                
                                
                                ;   2921H～2929Hは未使用
002921 2921                         DS  9
                                
                                
                                ;%PARSC（292AH）
                                ;機種依存のテープのアドレス情報を、S-OSのワークに転送します
                                ;入力   なし
                                ;出力   なし
                                ;破壊   全レジスタ保存
       292A                     _PARSC:
00292A 292A E5              11      PUSH    HL
00292B 292B 2ADE04          16      LD  HL,(fcb_buffer+18)
00292E 292E 22721F          16      LD  (_SIZE),HL
002931 2931 2AE004          16      LD  HL,(fcb_buffer+20)
002934 2934 22701F          16      LD  (_DTADR),HL
002937 2937 2AE204          16      LD  HL,(fcb_buffer+22)
00293A 293A 226E1F          16      LD  (_EXADR),HL
00293D 293D E1              10      POP HL
00293E 293E C9              10      RET
                                
                                
                                ;%PARCS（293FH）
                                ;S-OSのテープのアドレス情報を、機種依存のワークに転送します
                                ;入力   なし
                                ;出力   なし
                                ;破壊   全レジスタ保存
       293F                     _PARCS:
00293F 293F E5              11      PUSH    HL
002940 2940 2A721F          16      LD  HL,(_SIZE)
002943 2943 22DE04          16      LD  (fcb_buffer+18),HL
002946 2946 2A701F          16      LD  HL,(_DTADR)
002949 2949 22E004          16      LD  (fcb_buffer+20),HL
00294C 294C 2A6E1F          16      LD  HL,(_EXADR)
00294F 294F 22E204          16      LD  (fcb_buffer+22),HL
002952 2952 E1              10      POP HL
002953 2953 C9              10      RET
                                
                                
                                ;=======================================
                                ;フィジカル･ディスクI／Oエントリ
                                ;=======================================
                                ;注：本体は、サイズが大きいため、メイン部後ろ移転しました。
                                
                                
                                ;   2D00H～2DFFHはバッチ･ファイル読み込みバッファ
                                
                                
002D00 2D00                         ORG 2D00H
                                ;=======================
                                ;ブート･プログラム
                                ;=======================
                                
                                
       2D00                     START:
002D00 2D00 F3               4      DI
002D01 2D01 3100F9          10      LD  SP,F900H    ;仮スタック
                                
                                ;   vram_address_of_topの初期化
002D04 2D04 2100F8          10      LD  HL,F800H ; SORD M23のTXT VRAMの先頭アドレス
002D07 2D07 22F004          16      LD  (vram_address_of_top),HL
                                
                                ;   デフォルト･ドライブの設定
                                    ; LD    A,(0FF87H)  ;立ち上がったドライブ番号（下位ニブル）
                                    ; AND   1111B
                                    ; CP    4
                                    ; JR    NC,STADVS
                                    ; ADD   A,'A'   ;Acc←立ち上がったドライブ名
                                    ; LD    (_DFDV),A   ;デフォルト･ドライブ
       2D0A                     STADVS:
                                
                                ;   [vram_size]の設定（VRAMのサイズ÷100H）
                                ;〈VRAMのサイズ〉
                                ;00C000Hバイト
002D0A 2D0A 212000          10      LD  HL,0020H    ;002000H
002D0D 2D0D 220605          16      LD  (vram_size),HL
                                
                                ;   [top_of_special_work_of_vram]の設定（VRAM上の特殊ワークの先頭÷100H）
                                ;〈VRAM特殊ワークの先頭アドレス〉
                                ;004000H番地
002D10 2D10 210000          10      LD  HL,0000H    ;004000H
002D13 2D13 220805          16      LD  (top_of_special_work_of_vram),HL
                                
                                ;   [size_of_special_work_of_vram]の設定（VRAM上の特殊ワークのサイズ÷100H）
                                ;〈VRAM特殊ワークのサイズ〉
                                ;4000Hバイト
002D16 2D16 3E00             7      LD  A,00H   ;4000H
002D18 2D18 320A05          13      LD  (size_of_special_work_of_vram),A
                                
                                ;   [top_of_ram_disk_of_vram]の設定（VRAM上のRAMディスクの先頭÷100H）
                                ;〈VRAM上のRAMディスクの先頭〉
                                ;008000H番地
                                    ; LD    HL,0000H    ;008000H
                                    ; LD    (top_of_ram_disk_of_vram),HL
                                
                                ;   [size_of_ram_disk_of_vram]の設定（VRAM上のRAMディスクのサイズ÷100H）
                                ;〈VRAM上のRAMディスクのサイズ〉
                                ;008000Hバイト
                                    ; LD    HL,0000H    ;008000H
                                    ; LD    (size_of_ram_disk_of_vram),HL
                                
                                ;   [top_of_special_work_of_memory]、[size_of_special_work_of_memory]の設定
                                ;〈メモリ特殊ワークの先頭とサイズ〉
                                ;使用しません
002D1B 2D1B 3E00             7      LD  A,00H   ;0000H
002D1D 2D1D 320F05          13      LD  (top_of_special_work_of_memory),A
002D20 2D20 3E00             7      LD  A,00H   ;0000H
002D22 2D22 321005          13      LD  (size_of_special_work_of_memory),A
                                
                                ;   コールド･スタートします
002D25 2D25 2100F9          10      LD  HL,F900H    ;仮スタック
002D28 2D28 226C1F          16      LD  (_STKAD),HL
002D2B 2D2B 21FD1F          10      LD  HL,_COLD
002D2E 2D2E 220100          16      LD  (0001H),HL
002D31 2D31 226700          16      LD  (0067H),HL
                                    ; JP    0000H
002D34 2D34 C32006          10      JP COLD
                                    END
[EOF:sword_core.z80:UTF_8]
